true_age,true_unc,estimated_age,std_err,residual
2.9601406799519694,0.0,2.0,0.7014,-0.9601406799519694
-4.65616746552092,0.7825491538687275,-3.0,0.8914,1.6561674655209204
42.626383487885136,0.0997108385681523,48.7,1.669,6.073616512114867
10.35259549461284,0.0,8.05,0.4512,-2.3025954946128397
-1.1150234741778344,0.0978090766823161,-1.45,1.1612,-0.3349765258221655
0.3046982504471669,0.7863180656575585,-0.1,0.9553,-0.4046982504471669
32.366138199228644,0.4985541928407618,34.9,0.9103,2.533861800771355
-8.360381626831908,0.2950722927117143,-3.7,1.208,4.660381626831907
-5.434674614996411,0.1987083954297069,-4.85,1.0276,0.5846746149964117
14.482825164024277,0.7719027402547279,16.7,0.5534,2.2171748359757224
-7.640538400627364,0.3958828186856691,-2.7,1.1556,4.940538400627363
7.806476484192891,0.1927525057825751,6.9,0.3531,-0.9064764841928908
13.536345776037438,0.2946954813359528,12.45,0.4092,-1.0863457760374384
1.7761136712735643,0.1920122887864823,0.5,0.9336,-1.2761136712735643
4.554865424433224,0.1971803214039239,4.8,0.7334,0.2451345755667757
22.763106030743543,0.1970831690973591,28.25,1.8728,5.486893969256457
9.027373325570675,0.7765482430596001,8.15,0.4844,-0.8773733255706748
6.419485257866125,0.1972192091509713,4.05,0.7852,-2.369485257866125
16.240484091352155,0.3903962521959789,16.05,0.8875,-0.1904840913521539
-0.7072958046661423,0.0968898362561767,-3.1,1.3413,-2.3927041953338577
39.15375446961217,0.4966229638458482,38.25,2.1031,-0.9037544696121672
64.01112545942419,0.09933445912387,61.05,1.2307,-2.9611254594241956
13.332018538609676,0.1972192091509713,11.25,0.4061,-2.0820185386096757
-4.209384858048181,0.5914826498422713,-3.4,0.7333,0.809384858048181
7.530972588041328,0.195102916788606,6.445,0.283,-1.0859725880413276
9.392537166487026,0.0984542679925174,8.2,0.4232,-1.1925371664870266
1.9914368216668328,0.7965747286667331,1.25,1.0798,-0.7414368216668328
0.7680189050867583,0.7877116975187082,-3.5,1.7066,-4.268018905086758
1.5227934044614055,0.1939864209505334,-0.9,1.1965,-2.4227934044614057
15.7700524373645,0.5826374053214216,18.4,1.0232,2.6299475626354987
-6.31908441748912,0.0,-5.75,0.913,0.5690844174891199
20.530956302686103,0.0968898362561767,18.1,0.3923,-2.430956302686102
55.077165044725085,2.064287820701858,57.1,1.1884,2.0228349552749165
0.3301611963454142,0.5826374053214216,0.5,1.1092,0.1698388036545858
-2.5426263834835323,0.4985541928407618,-1.8,0.8187,0.7426263834835323
29.599921745086608,0.7825491538687275,28.6,1.1758,-0.9999217450866064
-2.6313224831859365,0.584738329597505,-5.9,1.0096,-3.268677516814064
43.29383650304013,0.6970028875833914,44.45,1.2213,1.15616349695987
17.793211386092466,0.7825491538687275,17.25,0.8307,-0.5432113860924659
-2.122408687069551,0.493583415597236,-1.1,0.9168,1.022408687069551
12.274475007391391,0.1971803214039239,22.25,0.875,9.975524992608609
0.1956372884643349,0.7825491538687275,-0.8,0.7557,-0.995637288464335
4.661683713609326,2.1636506687647525,3.8,0.4527,-0.8616837136093265
-0.9566575556383498,0.3904724716907458,-2.3,0.7832,-1.34334244436165
-7.328487503734523,0.6970028875833914,0.95,1.083,8.278487503734523
3.658179689786363,0.195102916788606,2.0,0.5774,-1.6581796897863632
9.545093365117785,0.4966229638458482,8.6,0.3203,-0.9450933651177847
42.33722205604388,0.4985541928407618,44.6,1.4212,2.2627779439561237
28.07034976152623,0.9936406995230525,31.5,3.9735,3.4296502384737693
5.2600988084861875,0.2906131938390003,5.7,0.4104,0.4399011915138127
15.328973444313478,0.1981767736821244,14.6,0.767,-0.7289734443134783
67.90369117500745,0.5969555268132524,70.265,2.3493,2.361308824992548
35.28602319638436,0.2948692746215844,33.9,1.3401,-1.3860231963843646
-0.6450388920511203,0.4742933029785619,-1.2,1.1732,-0.5549611079488797
-0.7588856868334267,1.921229586935639,-1.855,2.626,-1.0961143131665732
-8.14742967991676,0.1939864209505334,-7.0,1.0783,1.14742967991676
28.447519734920892,0.584738329597505,27.7,0.8409,-0.7475197349208926
2.5075913409713704,0.783622294054266,2.0,0.5569,-0.5075913409713704
48.08334971495798,0.2948692746215844,51.1,2.2886,3.0166502850420187
7.732312825046273,0.7850063781768228,7.35,0.4434,-0.3823128250462737
19.70286170106894,0.0997108385681523,25.425,1.9586,5.7221382989310605
6.504065040651534,1.7421602787456447,7.7,0.383,1.1959349593484658
9.53610807589731,0.09933445912387,8.45,0.3565,-1.086108075897311
4.966378482233939,1.921229586935639,4.6,0.5384,-0.3663784822339391
7.483592908217669,0.2938583602703497,7.25,0.3077,-0.2335929082176688
-6.090373280947314,0.1964636542239685,-0.05,0.7763,6.040373280947314
85.44185589304851,2.064287820701858,91.25,3.0437,5.808144106951488
31.349087645829425,0.4985541928407618,33.775,0.9669,2.425912354170574
16.01748807631421,0.9936406995230525,16.2,1.0641,0.1825119236857908
-9.797297297297876,0.9936406995230525,-0.9,1.0616,8.897297297297875
5.609037328100592,0.2946954813359528,3.2,0.3756,-2.4090373281005917
53.05919745729592,0.4966229638458482,53.1,2.2517,0.0408025427040783
5.2159660624722495,0.674893945237177,5.245,0.6184,0.0290339375277506
19.348430671437427,0.4966229638458482,18.0,0.6824,-1.348430671437427
17.208619000979148,0.2938295788442703,16.3,0.4702,-0.9086190009791472
40.133015683939135,0.3970617431010522,40.9,0.8069,0.7669843160608636
152.04620133425976,0.7965747286667331,161.4,27.9466,9.353798665740245
26.358668653756695,0.1987083954297069,29.6,3.0382,3.2413313462433067
-2.4364304360476403,0.3867349898482065,-1.0,0.985,1.4364304360476403
-0.307509175681924,0.1983930165658169,-0.6,0.6722,-0.292490824318076
22.49735041912113,0.1926967915984198,20.8,0.8143,-1.697350419121129
-11.126360160767126,0.0,-8.1,0.7134,3.026360160767126
2.9254264180851743,0.4958349861166204,1.55,0.7202,-1.3754264180851743
53.09708159618618,0.3970617431010522,55.4,1.5066,2.3029184038138197
52.52109083774141,0.6866784382970373,59.25,1.0839,6.728909162258589
2.4217766153250024,0.2906131938390003,0.9,1.673,-1.5217766153250023
3.913043478267197,0.4940711462450592,3.3,0.7696,-0.6130434782671972
23.99961337715228,0.4832785617630002,21.2,0.9427,-2.79961337715228
-5.3230075482798656,0.0,-0.2,1.3672,5.123007548279865
38.21396642495397,0.09933445912387,36.9,1.1648,-1.3139664249539749
2.8516003879680434,0.5819592628516004,-1.2,1.9203,-4.051600387968043
-7.500986971968559,0.1973943939992104,-2.2,1.9959,5.300986971968559
23.19992152245848,0.6866784382970373,23.8,1.342,0.6000784775415191
34.4464321208542,0.3975352812562115,34.28,1.0293,-0.1664321208541963
-8.3523233924505,0.1981571386109184,-1.805,0.652,6.547323392450501
-4.255528255529971,0.1965601965601965,-4.0,1.0395,0.2555282555299714
-5.40675097082574,0.6970028875833914,0.55,1.0273,5.95675097082574
86.45822961266728,0.7965747286667331,76.8,4.4617,-9.658229612667284
9.468455042224376,0.5961251862891207,7.615,0.3131,-1.8534550422243752
4.022702379767871,0.7965747286667331,3.4,0.6033,-0.6227023797678712
6.436072839387505,0.1926967915984198,4.75,0.3736,-1.6860728393875046
7.610637031155243,0.5953562214725143,8.2,0.4924,0.5893629688447559
32.91931637520336,0.9936406995230525,34.9,0.5747,1.98068362479664
33.996419335588115,0.3978516013526954,32.3,1.2823,-1.696419335588118
6.61493695441291,0.5819592628516004,7.2,0.5155,0.5850630455870904
28.865876730058712,0.7965747286667331,36.55,1.8647,7.684123269941285
8.412793007549826,0.4966229638458482,7.9,0.4044,-0.5127930075498259
20.02383790226807,0.2979737783075089,23.4,1.5588,3.376162097731928
72.70194986072596,0.7958615200955034,72.015,3.0828,-0.6869498607259601
25.522930374151,1.5712461946381224,26.4,1.1698,0.8770696258489998
-5.111976630963973,0.0973709834469328,-2.75,1.4912,2.361976630963973
48.51485148515365,0.0,23.7,3.4353,-24.81485148515365
2.4693703105763327,0.4748789058790009,2.0,1.7291,-0.4693703105763327
8.492217898835799,0.5836575875486381,8.765,0.2708,0.2727821011642017
7.181665514172478,0.0987849451743554,6.25,0.4737,-0.9316655141724776
39.34589689899931,0.4985541928407618,42.4,0.9126,3.054103101000692
6.74013578667573,0.4919807143559973,5.7,0.5252,-1.04013578667573
-10.806108641020966,0.4832785617630002,-8.3,0.479,2.5061086410209654
11.429970617040407,0.0,8.1,1.1503,-3.3299706170404075
6.742349457059968,0.493583415597236,6.3,0.4188,-0.4423494570599677
35.27075462558967,0.2906131938390003,12.4,1.4728,-22.87075462558967
18.447937131629505,0.1964636542239685,25.8,1.182,7.352062868370496
49.14058618976565,0.5961251862891207,49.1,1.5446,-0.0405861897656478
34.81358578957472,0.1951981260979894,37.4,1.3369,2.586414210425282
2.472141586290306,0.280925180260324,2.6,0.4582,0.1278584137096943
56.76860245044849,0.3984460603645781,59.4,1.4949,2.631397549551508
3.9174064067904975,0.7719027402547279,2.3,0.8926,-1.6174064067904976
11.990338164254585,0.4830917874396135,16.1,0.7978,4.109661835745417
1.804073714840526,0.5819592628516004,-2.655,1.7313,-4.4590737148405255
0.4640819878139084,0.3867349898482065,-0.7,0.5781,-1.1640819878139084
4.747142026740414,0.5812826971517148,-3.3,0.8278,-8.047142026740413
31.391962725680944,0.7765482430596001,26.93,1.2238,-4.461962725680944
8.197373656981657,0.7958615200955034,8.05,0.2779,-0.1473736569816566
80.66540492081204,0.3984460603645781,87.2,2.1104,6.534595079187966
7.491289198604301,1.7421602787456447,9.2,0.4494,1.7087108013956982
1.6682832201757172,0.0969932104752667,2.1,0.6376,0.4317167798242829
-6.446166070717087,0.4966229638458482,-4.125,1.0174,2.321166070717087
4.161387778972882,0.584738329597505,1.75,0.887,-2.411387778972882
63.30821102736663,0.4958349861166204,69.6,1.4384,6.291788972633363
1.399980281966138,0.1971803214039239,-2.0,1.5046,-3.3999802819661378
5.544127730430225,0.2938583602703497,5.05,0.531,-0.4941277304302254
8.507047845939754,0.3970617431010522,7.73,0.2329,-0.7770478459397534
1.7137293086680014,0.0973709834469328,2.9,3.0827,1.1862706913319985
-4.851330203442026,0.0978090766823161,-1.9,0.7873,2.951330203442026
4.681391712276068,0.8795934323690382,-2.9,1.5472,-7.5813917122760675
8.049718851734726,0.8878366380585972,8.45,0.3349,0.4002811482652735
47.8170478170507,0.099000099000099,44.1,1.6909,-3.717047817050698
-2.99477883952406,0.2955373854792631,-4.7,1.0567,-1.70522116047594
119.68746889618792,0.4976609933313427,111.525,4.8289,-8.162468896187917
-2.3020440563601,0.5953562214725143,0.5,1.8723,2.8020440563601
-0.7647993643194265,0.2979737783075089,-1.5,0.9071,-0.7352006356805735
14.499017681730882,0.2946954813359528,15.6,1.0473,1.100982318269118
13.74090819736183,0.2948692746215844,13.0,0.3942,-0.7409081973618292
-4.063706563705721,0.2895752895752895,-1.2,0.9676,2.863706563705721
-4.898157129003793,0.5819592628516004,-4.5,1.7793,0.3981571290037928
3.110255175737315,1.2518054886856045,5.2,0.4117,2.0897448242626853
-1.4502562119307745,0.3867349898482065,-0.8,0.8619,0.6502562119307744
45.0282541885578,0.8922375334589076,42.35,1.2685,-2.6782541885578013
8.36732663416923,0.5969555268132524,8.0,0.3164,-0.3673266341692294
3.0063445583228368,1.07369448511469,3.35,1.0507,0.3436554416771633
6.618962432919393,0.3975352812562115,6.75,0.4222,0.1310375670806074
-2.6457131489916614,0.3978516013526954,-2.7,1.45,-0.0542868510083387
12.822813839864974,0.0997108385681523,14.3,1.0705,1.477186160135027
60.03134796238131,0.097962382445141,59.45,1.4224,-0.581347962381308
12.554027504910447,0.1964636542239685,28.15,2.6072,15.595972495089551
-6.011985308332848,0.4832785617630002,-6.35,0.9108,-0.3380146916671513
25.1008645533186,1.921229586935639,21.05,1.1675,-4.0508645533186005
-3.3535393038720094,0.3910833007430583,-6.3,1.0811,-2.9464606961279904
-7.4195470798509024,0.4966229638458482,-4.85,1.2114,2.569547079850903
-8.704572098479378,0.0,-3.0,2.1985,5.704572098479378
9.837366124552018,0.4958349861166204,9.0,0.3892,-0.8373661245520179
3.931590328287792,0.2948692746215844,1.55,0.8099,-2.3815903282877917
20.523198420533937,0.493583415597236,27.95,1.6797,7.426801579466062
0.9664193674326071,0.3904724716907458,-0.2,0.8229,-1.166419367432607
4.771178188901125,0.2921129503407985,4.24,0.3629,-0.5311781889011247
18.443517967038385,0.3970617431010522,16.5,0.4857,-1.9435179670383853
22.000397298372523,0.2979737783075089,31.45,3.5765,9.449602701627477
45.26535895649348,0.6970028875833914,45.0,1.5923,-0.265358956493479
7.505367948469967,0.3903962521959789,5.85,0.5012,-1.6553679484699677
2.9197797876535234,1.2780180888714117,2.85,0.9424,-0.0697797876535233
4.537348920152314,0.4953437685753913,3.3,0.4465,-1.2373489201523142
3.3549260369343172,0.3867349898482065,3.05,0.7149,-0.3049260369343174
8.837656099908132,1.921229586935639,8.53,0.454,-0.307656099908133
12.147312147316182,0.099000099000099,10.8,0.3383,-1.347312147316181
1.8163869694015633,0.493583415597236,3.5,0.5662,1.6836130305984367
12.443912653308608,0.4985541928407618,12.15,0.3545,-0.2939126533086078
-5.507303592579694,0.1973943939992104,-2.7,1.0173,2.807303592579694
65.82316165525627,0.8931229532598988,73.95,2.4227,8.126838344743732
5.327185323261347,1.962130874129304,6.2,0.6406,0.8728146767386535
77.8506158124798,0.4966229638458482,82.9,2.8717,5.049384187520204
8.224824355970807,1.124121779859485,7.2,0.5448,-1.0248243559708063
7.302029446880007,0.7958615200955034,8.0,0.3451,0.6979705531199931
10.235835208930816,0.4892846658185732,9.35,0.2994,-0.8858352089308159
-4.227029172456874,0.5953562214725143,-0.75,1.8159,3.4770291724568736
11.458436051674015,0.1972192091509713,9.35,0.364,-2.1084360516740155
7.882838608213876,0.2948692746215844,7.3,0.5056,-0.5828386082138763
26.4801497389394,0.2955373854792631,22.9,1.2905,-3.580149738939401
10.362389813909644,0.2938295788442703,9.1,0.3221,-1.2623898139096443
28.19773224587084,0.3978516013526954,29.5,1.1367,1.3022677541291614
64.48662470495644,2.1636506687647525,62.3,2.7736,-2.1866247049564436
3.780848963476552,0.493583415597236,4.25,0.4459,0.4691510365234479
-1.3710879284623754,0.1987083954297069,-3.25,0.7539,-1.8789120715376249
41.17237953303036,0.5961251862891207,40.49,0.79,-0.6823795330303568
22.902046061083578,0.1976870613818325,26.075,1.8427,3.1729539389164216
53.770295846203005,0.3984460603645781,56.45,1.3505,2.6797041537969974
-4.544133320409895,0.0968898362561767,-5.1,0.8859,-0.555866679590105
9.915653197332858,0.3923107100823852,8.4,0.3076,-1.515653197332858
7.580803134187306,0.2938295788442703,5.0,0.938,-2.580803134187306
67.88089330024756,0.3970223325062034,65.1,2.1276,-2.7808933002475698
11.781039270128304,0.4958349861166204,11.9,0.4575,0.1189607298716968
7.029099488794194,0.4915454187966968,8.7,0.4113,1.6709005112058053
-6.403068751846206,0.2950722927117143,-2.65,0.8203,3.753068751846206
-2.2562915823004372,0.4821135859608524,-2.7,1.7143,-0.4437084176995629
-9.196865817825092,0.2938295788442703,-5.4,0.8665,3.796865817825091
-2.8917545916365053,0.3907776475185619,-5.2,1.1444,-2.308245408363495
0.8607198748018199,0.0978090766823161,-0.2,0.8853,-1.0607198748018198
43.124814117180534,0.8922375334589076,40.85,1.2333,-2.274814117180533
2.5367286973521135,0.0,-0.605,0.9939,-3.1417286973521135
-2.174973178577904,0.1950648590656393,1.65,2.6338,3.824973178577904
-11.523611523610947,0.099000099000099,-2.55,1.1426,8.973611523610948
24.52366922019364,0.0,28.2,1.3364,3.67633077980636
-8.392928088991946,0.4966229638458482,-6.6,1.0671,1.792928088991946
0.7098491570552737,0.1971803214039239,-0.35,0.7556,-1.0598491570552735
3.392400265322155,1.421396759215389,3.05,3.235,-0.3424002653221554
4.3934426229530015,1.124121779859485,3.55,0.7512,-0.8434426229530017
31.83681436658464,0.3903962521959789,30.8,2.5619,-1.0368143665846397
26.27151799687068,0.0978090766823161,22.0,1.3791,-4.271517996870681
-3.902343366999903,1.568781253064026,-2.15,0.9757,1.7523433669999031
0.9009881805854398,0.5812826971517148,-4.95,1.0638,-5.85098818058544
16.91212810121635,0.1976870613818325,17.5,1.343,0.58787189878365
5.640572886011379,0.3923876790268785,4.1,1.1613,-1.540572886011379
-6.504145282270536,0.1973943939992104,-5.0,0.6863,1.504145282270536
90.3650336215175,1.921229586935639,72.45,3.1413,-17.915033621517495
18.22819582066295,1.962130874129304,18.65,0.9146,0.4218041793370481
-7.703762533507432,0.3971011615208974,-2.8,0.7748,4.903762533507432
-5.380499405469966,0.1981767736821244,-4.55,1.2293,0.8304994054699666
29.28961748634198,0.1987083954297069,30.64,1.125,1.350382513658019
3.4395400954875144,1.2666861541459613,3.5,1.1196,0.0604599045124856
207.23900688005165,0.4985541928407618,212.3,25.1229,5.060993119948364
-3.3673566727140245,0.0,-2.7,0.9129,0.6673566727140243
4.500745156488934,0.1987083954297069,-0.775,2.1809,-5.275745156488934
-3.238708418690576,0.195102916788606,-2.8,0.7903,0.4387084186905761
8.300318871392196,0.0,6.05,1.6391,-2.2503188713921967
13.460393091123358,0.3970617431010522,12.85,0.4043,-0.6103930911233579
19.85451018428823,0.1939864209505334,22.95,1.5719,3.095489815711769
10.47237946516026,0.3903962521959789,9.2,0.2919,-1.2723794651602611
11.59520062942651,2.1636506687647525,10.85,0.3645,-0.7452006294265097
1.917027133304256,1.2780180888714117,1.55,1.1592,-0.3670271333042558
16.87107388572964,0.0997108385681523,21.4,1.448,4.528926114270359
49.51640243294795,0.0997108385681523,58.7,1.1492,9.183597567052054
-5.120393120392262,0.1965601965601965,-4.2,1.1274,0.9203931203922622
49.271050282654265,0.5950609937518596,48.1,1.4008,-1.1710502826542637
-0.2281067142747212,0.5950609937518596,2.05,0.883,2.278106714274721
9.600477042340978,0.3975352812562115,9.15,0.3778,-0.4504770423409781
54.66168371361305,2.1636506687647525,53.5,2.0628,-1.1616837136130511
-5.079175380936705,0.3983666965441689,-1.5,0.6977,3.5791753809367046
9.47224661008597,0.195102916788606,8.5,0.3303,-0.9722466100859696
6.323957322991343,0.1939864209505334,7.1,0.2483,0.7760426770086566
17.381803734604688,0.4966229638458482,16.5,0.7585,-0.8818037346046879
30.411570568823283,0.7765482430596001,25.7,1.6602,-4.711570568823284
10.550098231832258,0.2946954813359528,9.1,0.2966,-1.4500982318322588
0.6747370510024717,0.5953562214725143,4.65,1.3845,3.975262948997528
0.5299161768984588,0.1926967915984198,1.9,0.6315,1.370083823101541
5.151395988987379,0.4915454187966968,7.0,0.2892,1.848604011012621
31.0883406287306,0.7958615200955034,33.2,1.5825,2.111659371269404
2.1939839174020914,0.3971011615208974,3.4,0.5337,1.2060160825979085
51.2496266055971,0.6970028875833914,52.095,1.8701,0.8453733944028983
16.66994299193938,0.2948692746215844,16.0,0.4978,-0.6699429919393793
-2.2144181055475554,0.195102916788606,-2.3,0.8526,-0.0855818944524444
12.27138643067446,0.4916420845624386,11.8,0.5994,-0.4713864306744586
40.09733810091639,0.4966229638458482,39.85,1.7263,-0.2473381009163873
48.626643123405636,0.6866784382970373,58.8,1.209,10.173356876594362
72.46983747133343,0.0997108385681523,87.2,1.3038,14.730162528666568
0.7316359379572726,0.195102916788606,-0.9,0.8439,-1.6316359379572725
12.622022647403645,1.0737992971495511,11.5,0.5364,-1.1220226474036448
-3.407848981619763,0.1987083954297069,-4.0,1.0474,-0.5921510183802372
-6.229540720165495,0.1983930165658169,-2.5,1.0701,3.7295407201654953
40.30668127053988,0.6970028875833914,40.9,1.0694,0.5933187294601154
-9.800889232553082,0.4832785617630002,-7.3,0.8008,2.5008892325530825
8.488612836439497,0.1971803214039239,9.0,0.3433,0.511387163560503
4.059766047377745,2.064287820701858,3.8,0.7823,-0.2597660473777452
13.47207009858221,0.6970028875833914,11.86,0.5014,-1.61207009858221
3.6867704280164135,0.5836575875486381,4.22,0.6839,0.5332295719835862
-8.353712217542402,0.0,-6.4,0.9399,1.953712217542401
30.520353302612204,0.1920122887864823,27.3,1.8457,-3.220353302612203
18.41083341631509,0.6970028875833914,19.1,1.0945,0.6891665836849121
15.361655556663344,0.5969555268132524,14.0,0.373,-1.3616555566633437
-5.734661977337455,0.0,-4.5,1.971,1.2346619773374554
6.6926829268298365,0.7804878048780489,5.6,0.2289,-1.0926829268298368
54.24972726370831,0.5950609937518596,54.2,2.3859,-0.0497272637083057
4.147970884438621,0.8973975471133714,3.05,1.7967,-1.0979708844386211
-0.8572820263075077,0.8767657087189479,-4.3,1.3753,-3.442717973692492
13.46096320670057,0.4985541928407618,13.9,0.6863,0.4390367932994312
-3.0466300940444575,0.4898119122257053,-0.8,0.6559,2.2466300940444572
42.19132478214411,0.1958288455889552,40.35,1.0489,-1.841324782144106
5.373362654175943,0.382445740510565,5.2,0.5085,-0.1733626541759427
6.189498386625351,0.1955607705094358,6.45,0.5623,0.2605016133746494
2.171573901986857,0.7825491538687275,-0.45,0.6697,-2.621573901986858
-4.137999800579775,0.0997108385681523,-2.35,0.8244,1.7879998005797746
-2.2393822393819582,0.2895752895752895,0.2,0.7321,2.4393822393819584
24.321907600599307,0.1987083954297069,23.0,1.4174,-1.321907600599307
-7.4146532329079005,0.7825491538687275,-3.2,0.8791,4.2146532329079
1.1179645335352897,0.1927525057825751,-1.75,1.2675,-2.8679645335352895
-3.912363067292645,0.0978090766823161,-1.05,0.6149,2.862363067292645
32.89630512515159,0.2979737783075089,34.08,0.9188,1.1836948748484062
-6.5241065241030665,0.099000099000099,-1.15,0.6786,5.374106524103066
35.3674344401248,0.4985541928407618,37.65,0.7384,2.282565559875195
-6.360844149408752,0.1981571386109184,-1.7,0.5539,4.660844149408752
28.357762488784857,0.4985541928407618,32.9,1.096,4.542237511215141
8.015533207211899,0.7965747286667331,6.95,0.6703,-1.0655332072118986
-4.661520190022889,0.3958828186856691,-2.3,1.0777,2.3615201900228895
1.1274509803935835,0.392156862745098,2.95,0.6153,1.822549019606417
-8.47607796810453,0.6891120299271509,-3.945,1.3349,4.53107796810453
26.28912071534936,0.5961251862891207,22.4,1.6537,-3.88912071534936
15.112826603329449,0.3958828186856691,14.55,0.4197,-0.562826603329448
28.40078973346898,0.493583415597236,27.9,0.9425,-0.5007897334689808
3.3944864122428395,1.962130874129304,5.55,0.7592,2.1555135877571603
36.7741299418275,0.1971803214039239,33.75,1.3274,-3.0241299418275034
72.15971323309884,0.6970028875833914,73.95,3.0355,1.7902867669011613
41.14552312884364,0.3970617431010522,41.7,0.8968,0.5544768711563606
56.84231222964973,1.2780180888714117,55.1,1.8226,-1.7423122296497269
51.45056246299528,0.0986777185711466,53.1,1.4003,1.6494375370047225
178.29295044371818,0.4985541928407618,215.95,25.8371,37.657049556281805
0.4486987735610386,0.4985541928407618,-0.6,0.8242,-1.048698773561039
33.22084367245773,0.3970223325062034,30.3,1.0532,-2.920843672457732
-1.2609117361812905,0.0969932104752667,-0.75,0.7346,0.5109117361812905
-10.650946200336866,0.4953928465272961,0.28,1.008,10.930946200336866
11.079433739674398,0.4915454187966968,12.3,0.4536,1.220566260325603
-2.895256916996335,0.4940711462450592,-4.6,0.8918,-1.7047430830036645
229.44516386094608,0.3984460603645781,217.9,11.6178,-11.545163860946076
-1.909945571499546,0.1979218208807521,2.0,0.7619,3.909945571499546
30.764694318854833,0.7863180656575585,33.75,1.0574,2.9853056811451673
2.1343198634035287,0.4742933029785619,1.6,0.5684,-0.5343198634035287
4.6251217137293095,0.0973709834469328,0.65,2.2917,-3.9751217137293096
-7.231425453824891,0.1983930165658169,-2.95,1.1398,4.281425453824891
25.43180464561777,0.3970617431010522,22.6675,1.168,-2.76430464561777
-4.4212617983080875,0.1987083954297069,-4.3,1.0861,0.1212617983080877
-0.2341235001443398,0.195102916788606,-1.25,0.8866,-1.0158764998556602
27.42239412873297,0.5950609937518596,37.5,1.638,10.077605871267028
1.765853658534314,0.7804878048780489,0.65,0.7282,-1.1158536585343142
10.246510246508803,0.099000099000099,9.0,0.3206,-1.2465102465088034
-1.2216404886581709,0.2908667830133798,0.225,0.7565,1.446640488658171
29.048945483490215,0.7958615200955034,33.05,1.9111,4.001054516509782
4.822653909343735,0.1932927418575432,3.9,0.7534,-0.9226539093437354
-2.2546809136316384,0.0,1.8,1.3052,4.054680913631638
5.232789494629961,0.7958615200955034,6.25,0.5385,1.0172105053700389
242.05803170804873,0.4985541928407618,225.0,19.0683,-17.05803170804873
6.9195989777873725,0.2948692746215844,6.3,0.4145,-0.6195989777873727
27.390567354672616,0.4985541928407618,32.9,1.2648,5.509432645327383
3.4780023781233025,0.1981767736821244,-0.15,2.1578,-3.6280023781233024
25.645004849662783,0.1939864209505334,28.125,0.8942,2.479995150337217
8.124751688518367,0.2979737783075089,7.5,0.2717,-0.6247516885183675
42.14810403017582,0.3970617431010522,45.35,1.9515,3.2018959698241787
6.373411534698729,0.2932551319648094,6.59,0.5585,0.216588465301271
-0.1939111886727647,0.2908667830133798,0.4,0.6567,0.5939111886727647
4.365741194934847,1.962130874129304,5.7,0.6202,1.3342588050651534
2.074927953893845,1.921229586935639,3.45,0.7582,1.3750720461061552
68.65478442696116,0.7965747286667331,74.215,2.8762,5.560215573038846
70.78495584003349,0.8931229532598988,80.6,2.6686,9.815044159966504
16.353419879865704,0.5812826971517148,11.85,1.6775,-4.503419879865705
6.124677387331997,1.0919197935278937,7.1,0.3761,0.9753226126680028
-8.41382057153947,0.6970028875833914,0.7,1.3302,9.113820571539469
28.315946348733235,0.1987083954297069,32.1,1.5799,3.784053651266767
-7.51388753532709,0.584738329597505,-8.1,0.6693,-0.5861124646729099
22.992845786962857,0.9936406995230525,18.9,1.5354,-4.092845786962858
1.762772632204759,0.3983666965441689,2.3,0.8203,0.5372273677952408
1.9839349656468697,0.8709958385754378,-1.75,1.0472,-3.7339349656468697
-5.115166018543604,0.0997108385681523,-2.6,0.6984,2.515166018543604
11.229361448180695,0.3978516013526954,10.55,0.4197,-0.6793614481806944
42.04138479904699,0.7958615200955034,42.7,1.6895,0.6586152009530153
7.141438220105611,0.2979737783075089,6.65,0.3184,-0.4914382201056106
11.399570564122868,0.3903962521959789,10.5,0.4739,-0.8995705641228682
-4.270323212537299,0.2938295788442703,-3.0,1.3111,1.2703232125372992
60.08198321296599,0.3903962521959789,61.65,1.2942,1.5680167870340114
10.15512091723757,0.1926967915984198,9.4,0.3908,-0.7551209172375692
59.15451320457119,0.1970831690973591,65.15,2.5863,5.995486795428818
27.693512085334092,0.4892846658185732,30.18,1.4531,2.486487914665908
1.143131604228942,1.921229586935639,2.3,1.545,1.1568683957710575
6.255267347130153,0.280925180260324,5.9,0.3467,-0.3552673471301526
45.64762189649899,0.0997108385681523,54.0,1.6441,8.35237810350101
67.91741115743324,0.3970617431010522,77.2,2.8191,9.282588842566769
33.32022803224047,0.2948692746215844,32.3,1.7799,-1.0202280322404746
31.841332027418964,0.0,,,
10.01284965898723,0.1976870613818325,9.2,0.3033,-0.8128496589872309
25.56427395137016,0.2906131938390003,25.5,1.3027,-0.0642739513701613
4.280956112848103,0.097962382445141,3.9,0.5479,-0.3809561128481031
-4.15369649805136,0.5836575875486381,-5.4,0.5831,-1.24630350194864
-0.9203364670957852,0.1979218208807521,3.1,0.7492,4.0203364670957855
10.47250347428592,0.3970617431010522,9.7,0.3156,-0.7725034742859211
45.39852911945964,0.3975352812562115,42.3,0.9532,-3.0985291194596414
15.365514501391702,0.4966229638458482,14.3,0.9173,-1.0655145013917018
-3.054646434594611,0.5950609937518596,-5.025,1.835,-1.9703535654053896
-7.01875616979327,0.493583415597236,-2.3,0.827,4.71875616979327
89.6204801275039,0.3984460603645781,91.6,3.1399,1.9795198724960985
-2.6257145625415435,0.0968898362561767,-4.0,1.1332,-1.3742854374584563
10.530956112852666,0.4898119122257053,9.8,0.2967,-0.7309561128526649
100.57573952749622,0.3970617431010522,106.95,5.51,6.374260472503778
17.752059631226505,0.3923107100823852,15.7,0.7275,-2.0520596312265056
-0.3526300323249898,0.2938583602703497,-1.0,0.8426,-0.6473699676750102
-7.87744055673831,0.4832785617630002,-6.7,1.0701,1.1774405567383095
2.4061032863841225,0.4890453834115806,-1.1,1.6875,-3.5061032863841226
1.5415743327929672,0.1926967915984198,2.1,0.5971,0.5584256672070329
-9.126556219976152,0.0,-4.15,0.9396,4.9765562199761515
9.459057071959142,0.3970223325062034,7.765,0.2033,-1.6940570719591426
2.8546116743788317,0.6890441972635101,-2.45,1.6541,-5.304611674378831
9.62186086789185,1.2508419128259407,10.6,0.4021,0.978139132108149
47.10760118460135,0.493583415597236,39.8,1.1837,-7.307601184601353
5.899209486167158,0.4940711462450592,4.5,0.4382,-1.399209486167158
-3.345245185628965,0.3970617431010522,-0.8,0.5976,2.545245185628965
10.067513899919993,0.3971405877680699,8.55,0.3146,-1.517513899919992
5.487744368362445,0.8931229532598988,6.4,0.5608,0.9122556316375556
117.64705882353375,0.4976609933313427,112.75,5.6661,-4.897058823533754
18.08880308880112,0.2895752895752895,17.9,0.9476,-0.1888030888011229
3.038151210282807,0.3984460603645781,0.95,1.0752,-2.088151210282807
61.72925590198343,0.3984460603645781,63.125,2.2254,1.3957440980165714
-5.592841163310962,0.0972668028401906,-5.2,0.7652,0.3928411633109618
10.19494728466282,0.3978516013526954,9.55,0.3449,-0.6449472846628197
13.152058625011492,0.4821135859608524,12.5,0.4876,-0.6520586250114917
10.37707690777066,0.5969555268132524,9.8,0.3949,-0.5770769077706586
-7.3615376993959085,0.1981571386109184,-2.0,0.7114,5.3615376993959085
7.16730223917253,0.1955607705094358,7.95,0.3293,0.7826977608274701
72.73990274883687,0.8931229532598988,82.4,2.2132,9.660097251163135
3.576040528465105,0.09933445912387,0.3,0.9566,-3.276040528465105
15.443186255368714,1.0737992971495511,13.3,0.7729,-2.143186255368713
32.22594637223487,0.5914826498422713,28.325,1.5254,-3.9009463722348734
3.3100368860449354,0.7765482430596001,-1.5,1.8144,-4.810036886044935
-2.9485935984489555,0.5819592628516004,-3.15,1.9147,-0.2014064015510444
4.237874147973523,0.0987849451743554,3.5,0.4882,-0.7378741479735229
1.2305009204573922,0.0968898362561767,-1.825,1.5103,-3.0555009204573924
57.67034265458813,0.7877116975187082,59.7,1.7536,2.02965734541187
1.191895113234372,0.2979737783075089,0.3,0.7765,-0.891895113234372
0.6207565470411426,0.1939864209505334,-2.2,1.8754,-2.820756547041143
7.509685109769492,0.09933445912387,5.45,0.4653,-2.059685109769492
3.4674615002535907,0.1987083954297069,-1.975,1.4608,-5.442461500253591
90.79646017698772,0.4916420845624386,91.25,3.6639,0.453539823012278
3.1779866292085184,0.0968898362561767,-0.6,1.2847,-3.7779866292085185
-4.489072652094578,0.6891120299271509,-3.2,1.3337,1.2890726520945774
34.83023001095609,0.7965747286667331,37.13,1.0686,2.2997699890439094
5.725634566940725,0.5812826971517148,-2.7,0.7671,-8.425634566940726
-3.141361256542527,0.2908667830133798,-3.25,1.2444,-0.1086387434574729
3.675675675673673,0.1965601965601965,3.2,0.8028,-0.4756756756736728
31.640316205537623,0.4940711462450592,29.5,0.9695,-2.140316205537623
0.0494804552158678,0.1979218208807521,3.45,0.6477,3.4005195447841325
32.268464243844114,0.0,34.1,1.0014,1.831535756155887
2.307539287845344,0.3978516013526954,2.8,0.882,0.492460712154656
-2.121302659102337,0.3983666965441689,-0.9,0.608,1.2213026591023373
52.7256740914431,0.0,51.5,1.4066,-1.2256740914431037
22.716264651745703,0.2906131938390003,23.1,1.1527,0.383735348254298
-10.563310563308834,0.099000099000099,-0.9,0.5551,9.663310563308832
2.7140077821020165,0.5836575875486381,0.3,2.2127,-2.4140077821020167
-10.398511700768964,0.1958288455889552,-6.4,0.8649,3.998511700768963
44.14486120784262,0.5969555268132524,44.1,1.1652,-0.0448612078426151
5.132208020296651,0.3902819787296322,5.1,0.6673,-0.0322080202966512
13.510347520496396,1.0737992971495511,12.3,0.4808,-1.210347520496395
7.182535815225241,0.584738329597505,6.4,0.5211,-0.7825358152252404
6.326249508067977,1.180637544273908,5.4,1.1024,-0.9262495080679763
-9.00570103391604,0.0,-4.6,1.3984,4.40570103391604
33.13335955940434,2.1636506687647525,34.9,0.8739,1.7666404405956584
60.8768308266984,2.064287820701858,67.9,2.3459,7.0231691733016035
12.476351687748792,0.6970028875833914,10.9,0.3675,-1.576351687748792
1.0998723362421128,1.5712461946381224,2.7,0.8952,1.6001276637578874
1.0910862152901544,0.8767657087189479,-2.2,1.07,-3.2910862152901545
-3.700779630908911,0.3947498272969505,-2.4,1.1977,1.3007796309089112
-12.698728139903457,0.9936406995230525,-4.4,1.0979,8.298728139903456
16.398490266191935,0.4966229638458482,15.15,0.6626,-1.2484902661919346
7.264113699171517,0.1973943939992104,6.3,0.3905,-0.9641136991715172
-0.6564551422281842,0.3978516013526954,-1.5,1.4466,-0.8435448577718158
15.545266476208097,0.1970249236528421,16.6,0.7319,1.0547335237919049
21.36192177883343,0.3970617431010522,17.7,1.0328,-3.661921778833431
36.69071859246352,0.1976870613818325,34.65,0.9538,-2.04071859246352
15.855072463771492,0.4830917874396135,21.4,1.9107,5.544927536228506
12.591930033788763,0.3975352812562115,15.5,1.2461,2.9080699662112366
57.78704807310319,0.2979737783075089,60.7,1.1481,2.9129519268968096
9.788664745439316,1.921229586935639,9.05,0.3194,-0.7386647454393156
-1.5567588474188572,1.1603171533552503,-0.9,0.4931,0.6567588474188572
12.9045027214259,0.1979218208807521,28.3,1.2651,15.3954972785741
53.423449897150434,0.783622294054266,26.14,4.6015,-27.283449897150433
-8.803656597774824,0.9936406995230525,-0.975,1.0032,7.828656597774824
14.177265108939546,0.1971803214039239,24.55,1.5482,10.372734891060457
-1.788553259137157,0.9936406995230525,-1.5,0.6672,0.2885532591371569
23.37804272231109,0.1987083954297069,23.55,1.7713,0.1719572776889109
-5.599761289036583,0.3978516013526954,-3.1,1.4712,2.499761289036583
-10.392449080972805,0.1987083954297069,-6.91,0.3958,3.4824490809728044
-3.537388228356632,0.2947823523631718,-2.7,1.269,0.8373882283566316
-0.6191646191620448,0.3931203931203931,-1.1,0.6902,-0.4808353808379553
3.24208891477044,0.7765482430596001,1.8,1.1803,-1.44208891477044
91.06018882769844,2.1636506687647525,88.1,5.928,-2.9601888276984454
33.27750960496388,0.1970249236528421,27.7,1.4562,-5.577509604963883
5.711206896553435,0.4898119122257053,3.4,1.2824,-2.311206896553435
-1.1018751208190778,0.4832785617630002,-3.75,0.857,-2.648124879180922
11.934356185667967,0.5826374053214216,13.45,0.3926,1.515643814332032
38.43172331544251,0.3975352812562115,36.58,1.1881,-1.8517233154425128
16.480829420968842,0.0978090766823161,14.45,0.4677,-2.0308294209688427
-0.6529578013821788,0.584738329597505,-3.8,0.8797,-3.1470421986178208
-3.745912198988045,0.4954910316123277,-1.4,0.7375,2.345912198988045
21.243015390653397,0.0,21.4,1.5299,0.1569846093466012
9.427078197421308,0.1972192091509713,7.615,0.3847,-1.8120781974213072
26.26868607395666,2.1636506687647525,22.225,1.5403,-4.043686073956657
-0.9472529663945456,0.8973975471133714,-1.1,0.8338,-0.1527470336054545
24.230694793885107,2.806270563189471,23.5,1.4191,-0.7306947938851067
29.91185112634045,0.0,25.675,1.0002,-4.236851126340451
40.11103400416291,0.8922375334589076,38.2,0.8764,-1.9110340041629073
4.014344058179213,0.3984460603645781,3.0,0.8183,-1.014344058179213
32.8717999800777,0.3984460603645781,33.6,1.02,0.7282000199223049
-1.2171372930866602,0.0973709834469328,-2.3,1.342,-1.0828627069133396
15.038623252180168,0.1955607705094358,15.3,1.039,0.261376747819833
-1.1886051080541522,0.1964636542239685,-1.05,0.894,0.1386051080541521
1.0558820599710603,0.3984460603645781,-0.45,1.0205,-1.5058820599710605
39.009349512632944,0.3978516013526954,36.55,1.0078,-2.459349512632947
26.66600555335127,0.4958349861166204,28.2,1.0051,1.5339944466487303
10.389352403661505,0.4966229638458482,9.0,0.2698,-1.3893524036615048
3.361425942072231,0.2906131938390003,3.45,0.7265,0.0885740579277691
16.49312377210302,0.1964636542239685,28.35,0.8939,11.856876227896985
25.07597294383075,0.0,23.62,2.8802,-1.4559729438307478
4.768015794671023,0.493583415597236,4.8,0.4699,0.0319842053289765
-8.863328822731736,0.4832785617630002,-7.65,0.7876,1.2133288227317358
-0.7317787101180604,0.3902819787296322,-0.7,0.8831,0.0317787101180604
18.030853886212583,0.2947823523631718,20.6,1.2815,2.5691461137874185
4.486352357316921,0.3970223325062034,0.0,0.951,-4.486352357316921
2.8358355411632012,0.7850063781768228,3.7,1.062,0.8641644588367989
29.09996095275056,1.0737992971495511,26.4,0.9104,-2.699960952750562
-10.185275953337335,0.0,-2.9,0.6334,7.285275953337335
-5.986460348164727,0.2901353965183752,-1.5,1.6011,4.486460348164727
8.409311348203932,0.0969932104752667,8.25,0.4984,-0.1593113482039321
20.35934087750125,0.3970617431010522,17.45,0.7107,-2.9093408775012506
20.542635658912992,0.3975352812562115,25.1,1.2787,4.557364341087009
3.889216263994428,0.0,5.6,0.2605,1.7107837360055718
13.290887385595484,0.7958615200955034,10.4,0.532,-2.8908873855954837
0.6371924321159251,0.0,4.1,0.6322,3.462807567884074
12.190082644627529,1.180637544273908,11.3,0.3289,-0.8900826446275278
1.6857255520496126,0.5914826498422713,-0.15,1.1799,-1.8357255520496123
3.5456847847257142,0.0974089226573154,6.0,0.6482,2.4543152152742858
10.748828397645664,0.0997108385681523,12.1,0.3167,1.351171602354336
23.518868863887903,0.6970028875833914,37.5,2.6201,13.981131136112095
6.562804284321288,0.0973709834469328,6.55,0.3663,-0.0128042843212883
4.232187924675386,0.7765482430596001,2.55,1.3571,-1.682187924675386
22.57111920464641,0.8859139679102274,28.85,1.0556,6.27888079535359
43.574608089799526,2.806270563189471,40.1,1.1348,-3.474608089799524
69.86301369862753,0.3970617431010522,81.9,2.4117,12.03698630137248
9.452587496264035,0.4985541928407618,8.6,0.2754,-0.8525874962640358
11.412126624987597,0.8931229532598988,22.25,1.1162,10.837873375012403
18.17917393833624,0.2908667830133798,22.1,0.5128,3.92082606166376
-4.341332271234275,0.6970028875833914,1.2,1.2485,5.541332271234275
0.2244997559816509,1.07369448511469,,,
-3.3134006469928248,0.0,-3.0,1.2076,0.3134006469928247
6.70869865037698,0.1970249236528421,6.3,0.4402,-0.40869865037698
8.793944826214268,0.3983666965441689,7.95,0.2549,-0.8439448262142681
7.835325365207775,0.4742933029785619,8.4,0.3147,0.5646746347922251
36.17147960702301,0.8931229532598988,39.0,1.37,2.82852039297699
10.477117818891957,0.0973709834469328,9.675,0.3229,-0.802117818891956
3.641674780913304,0.0973709834469328,0.25,2.4476,-3.391674780913304
-8.816591311186517,0.2948692746215844,-7.4,0.9466,1.416591311186517
17.590784849672076,0.3904724716907458,16.05,0.7609,-1.5407848496720753
11.271219897353191,0.1973943939992104,10.7,0.5057,-0.5712198973531919
-1.160862354894477,0.195102916788606,-1.3,0.8256,-0.139137645105523
20.670056835181175,0.0997108385681523,29.1,1.8427,8.429943164818827
-0.0491062659623948,0.0,1.8,0.3928,1.849106265962395
-0.591540964210337,0.1971803214039239,-0.9,1.0463,-0.308459035789663
15.770890545313598,0.3923107100823852,13.8,0.4069,-1.9708905453135976
15.433635367917953,0.6970028875833914,13.6,0.9308,-1.8336353679179531
-0.5243736647901273,0.5826374053214216,-0.5,1.1089,0.0243736647901272
5.356306770297934,0.280925180260324,4.4,0.4496,-0.9563067702979337
5.878962536025571,1.921229586935639,6.1,0.3008,0.2210374639744285
25.007478312894357,0.8973975471133714,22.95,3.0581,-2.0574783128943572
43.006366892163946,0.7958615200955034,39.65,2.6984,-3.3563668921639476
-4.7058823529440295,0.392156862745098,-1.05,0.6496,3.6558823529440296
-7.254190765605508,0.0,-1.1,1.0614,6.154190765605508
17.450863609285754,0.3970617431010522,16.4,0.4133,-1.0508636092857555
1.0003923107069423,0.2942330325617889,-1.05,0.5999,-2.0503923107069424
3.894962905113201,0.3904724716907458,2.9,0.466,-0.994962905113201
14.11845730027405,1.180637544273908,13.65,0.4255,-0.4684573002740499
41.76007866272752,0.4916420845624386,27.5,1.4197,-14.260078662727524
11.620033854431474,0.6970028875833914,10.55,0.3649,-1.0700338544314736
-0.1592505854784578,1.124121779859485,0.4,0.9276,0.5592505854784579
40.111144189737274,0.8931229532598988,41.75,1.7776,1.6388558102627258
0.1176932130272845,0.3923107100823852,-0.2,0.7736,-0.3176932130272845
-0.3431036172909958,0.0,3.55,0.8694,3.893103617290995
25.115785411037088,0.7719027402547279,24.0,2.0117,-1.1157854110370875
-3.005836575872089,0.5836575875486381,-5.7,0.8445,-2.694163424127911
5.800756620424799,0.9700261907071492,0.35,1.005,-5.4507566204248
6.983130639469026,0.3923107100823852,4.65,0.5528,-2.333130639469026
-3.7544696066734566,0.2979737783075089,-2.3,0.8417,1.4544696066734568
94.56079404466183,0.3970223325062034,90.2,5.0501,-4.36079404466183
5.351104038198385,0.3978516013526954,5.4,0.4747,0.0488959618016151
34.893913736434016,0.3984460603645781,35.3,1.0742,0.4060862635659816
-0.088783663809592,0.6905396073789088,0.1,0.7072,0.188783663809592
6.196960726274039,0.0986777185711466,5.85,0.5412,-0.3469607262740393
2.270493414591063,0.7863180656575585,2.3,0.8283,0.0295065854089369
35.55054858934255,0.097962382445141,29.5,0.6728,-6.050548589342547
13.37107163771654,0.3903962521959789,12.4,0.2946,-0.9710716377165394
4.449068569161675,0.1981767736821244,-0.65,1.9435,-5.099068569161675
49.25818978393026,0.6970028875833914,52.295,1.9493,3.036810216069739
14.704147827795484,0.2948692746215844,13.75,0.4896,-0.9541478277954843
19.59015589764016,1.568781253064026,18.3,0.6525,-1.290155897640158
-3.630395862344793,0.3978516013526954,-2.8,1.3024,0.8303958623447931
49.76591293954219,0.3984460603645781,50.995,1.8157,1.2290870604578077
33.44521224087331,0.493583415597236,29.84,0.9453,-3.6052122408733105
96.55858364830092,0.3978516013526954,88.4,2.6782,-8.158583648300919
27.51138235009344,0.2906131938390003,25.7,1.4648,-1.8113823500934425
19.082532448233465,0.4953928465272961,21.75,0.7832,2.667467551766535
19.0880378997202,0.1973943939992104,22.35,1.4524,3.2619621002798027
5.057986551020688,0.584738329597505,2.35,1.5483,-2.707986551020688
6.762274673838137,0.3983666965441689,6.5,0.6087,-0.2622746738381369
-2.57909875359763,0.0958772770853308,-1.7,0.6312,0.8790987535976302
-6.244485834717521,0.0,-2.65,1.0623,3.594485834717521
0.7594936708849425,0.0973709834469328,1.65,2.4933,0.8905063291150574
8.278696545656524,0.4892846658185732,6.75,0.3064,-1.5286965456565245
-1.6315689622473573,0.4742933029785619,-1.6,1.2007,0.0315689622473571
3.67474589523264,0.8795934323690382,-4.25,1.2689,-7.92474589523264
-4.420584252272885,1.354227123234668,-2.05,1.2794,2.3705842522728853
7.935875734343488,0.7965747286667331,7.65,0.2834,-0.2858757343434872
6.349206349201472,0.1971803214039239,6.3,0.4835,-0.049206349201472
1.0886622204791898,0.3923107100823852,-0.15,0.7751,-1.2386622204791895
-0.5027554868066079,0.3867349898482065,-0.8,0.5928,-0.2972445131933922
3.020792467636079,0.3923107100823852,1.05,0.6489,-1.9707924676360788
16.479586768653803,0.09933445912387,15.95,0.885,-0.5295867686538038
-6.23898139078878,0.2938295788442703,-3.0,1.7889,3.23898139078878
43.199205166421464,0.1987083954297069,38.7,0.7924,-4.499205166421461
3.2432432432461034,0.3931203931203931,2.6,0.7249,-0.6432432432461033
8.348082595868204,0.4916420845624386,7.85,0.4779,-0.4980825958682047
-6.862555577033197,0.4832785617630002,-5.7,0.7652,1.1625555770331966
6.350914962330207,0.4892846658185732,4.55,0.5754,-1.8009149623302072
27.94994040524376,0.2979737783075089,29.25,0.8174,1.3000595947562417
41.94564789287694,0.7877116975187082,43.0,7.7259,1.0543521071230586
-8.166317678734,0.0997108385681523,-3.2,1.2804,4.966317678734
36.27450980392411,0.7765482430596001,27.54,0.5823,-8.734509803924112
38.7035746290975,0.7965747286667331,41.95,0.7301,3.2464253709025
24.089914461906865,0.3978516013526954,32.05,2.6094,7.960085538093132
-10.63238359972116,0.3971011615208974,-3.3,1.044,7.332383599721161
1.227950492156746,0.584738329597505,-2.3,1.0888,-3.5279504921567457
0.1296240901432412,0.8973975471133714,-1.0,0.7609,-1.1296240901432413
4.574395141540067,0.2938583602703497,4.1,0.5818,-0.4743951415400671
25.32538499752135,0.1987083954297069,28.0,3.6526,2.6746150024786495
7.915152705487255,1.5712461946381224,7.8,0.2445,-0.1151527054872554
56.979269496546074,0.493583415597236,52.4,1.8353,-4.579269496546075
-11.651639750324025,0.4953928465272961,-5.8,0.8393,5.851639750324025
-4.615078575690688,0.3978516013526954,-3.025,1.3426,1.5900785756906877
10.300512126778909,0.0,9.05,0.5101,-1.250512126778908
15.57344464321035,0.3975352812562115,17.25,1.456,1.6765553567896507
-6.089494163426106,0.5836575875486381,-5.7,0.7243,0.3894941634261055
6.4778936910052645,0.5961251862891207,4.5,0.2986,-1.9778936910052645
6.387424136900063,0.5969555268132524,6.5,0.421,0.1125758630999369
5.542862819113685,0.09933445912387,3.6,0.7301,-1.9428628191136847
-11.324680471614275,0.1981571386109184,0.95,1.158,12.274680471614277
5.771096023275548,0.5819592628516004,6.2,0.8081,0.4289039767244524
60.77106518283336,0.9936406995230525,61.75,1.6829,0.978934817166639
9.184583374612895,0.4953928465272961,8.6,0.3589,-0.5845833746128957
-8.055009823187,0.1964636542239685,-0.95,1.0056,7.105009823186999
26.97619747281896,0.783622294054266,27.58,1.1022,0.6038025271810383
4.4993600472577615,0.0984542679925174,2.85,0.5803,-1.6493600472577614
216.1531558480468,0.4985541928407618,222.35,10.3882,6.196844151953201
14.804552201879394,0.1979218208807521,28.2,0.7746,13.395447798120603
29.35487087446638,0.4985541928407618,31.7,1.103,2.345129125533621
2.7868689874022334,0.5950609937518596,0.775,1.387,-2.0118689874022335
37.99428064294065,0.1972192091509713,31.35,2.9852,-6.64428064294065
-1.4742967992209493,0.1939864209505334,-5.4,1.6334,-3.925703200779051
-9.252633671236008,0.3975352812562115,-2.85,1.5808,6.402633671236009
105.15544293928608,0.584738329597505,104.8,6.941,-0.3554429392860783
8.266508266506825,0.099000099000099,7.2,0.4336,-1.0665082665068253
3.630685145416639,0.1951981260979894,0.75,2.5457,-2.880685145416639
2.531017369722714,0.3970223325062034,-1.15,0.7194,-3.681017369722714
13.303247326594398,1.962130874129304,11.75,0.5999,-1.5532473265943985
-2.0562560620781953,0.5819592628516004,-2.55,1.3183,-0.4937439379218045
48.80763116057494,0.9936406995230525,49.5,1.5738,0.6923688394250576
-6.093366093370383,0.0982800982800982,-1.45,1.0201,4.643366093370383
19.964472515546433,0.3947498272969505,25.5,2.0856,5.535527484453567
22.714411162063456,0.3902819787296322,21.7,1.8449,-1.0144111620634568
4.098440073639377,0.0968898362561767,-0.825,1.2131,-4.9234400736393775
20.32181168057847,0.4966229638458482,18.4,0.6581,-1.9218116805784715
51.09603853336864,2.064287820701858,54.9,1.518,3.803961466631357
30.19354838709504,0.3970223325062034,32.6,1.3094,2.406451612904963
23.665601084956204,0.2906131938390003,24.5,1.5594,0.8343989150437956
-3.425271333262026,0.6970028875833914,1.1,1.4234,4.525271333262026
7.444168734491314,0.3970223325062034,5.05,0.4996,-2.3941687344913145
17.111022682057666,0.7958615200955034,18.7,0.9278,1.5889773179423337
11.2514922403551,0.7958615200955034,10.8,0.3351,-0.4514922403550994
43.334330441725406,0.4985541928407618,45.4,1.4771,2.0656695582745925
6.407168320648863,0.1926967915984198,4.75,0.3859,-1.6571683206488634
-1.6762498781806492,0.584738329597505,-3.95,0.8184,-2.2737501218193508
14.406358668653752,0.5961251862891207,12.75,0.4439,-1.656358668653752
11.614619249328737,0.1970249236528421,11.82,0.3695,0.2053807506712637
2.386320931981279,0.0939496429913566,0.7,1.0678,-1.6863209319812789
-1.3211081534028468,0.1971803214039239,-1.95,0.9282,-0.6288918465971531
10.105221361922068,1.0919197935278937,10.8,0.3125,0.694778638077933
-6.592976621342036,0.7825491538687275,-2.9,0.7312,3.692976621342036
-7.663986047859913,0.2906695087685301,-1.7,1.5469,5.963986047859913
-11.200234764743314,0.0,-4.15,2.1113,7.050234764743314
-3.254614010715257,0.5953562214725143,-1.5,1.157,1.7546140107152568
0.0099571841103627,0.7965747286667331,0.5,1.0932,0.4900428158896373
-7.605960905748579,2.806270563189471,-6.4,1.4614,1.2059609057485785
57.36810789369154,0.4958349861166204,61.65,1.9769,4.281892106308462
26.60079434272898,0.2906131938390003,26.95,1.3807,0.3492056572710176
20.816606286107938,0.1958288455889552,19.15,0.6106,-1.666606286107939
54.64958260532218,0.7765482430596001,42.15,0.5944,-12.499582605322182
39.70485591783798,0.0997108385681523,43.4,1.0985,3.6951440821620167
-0.039323633504594,1.2780180888714117,1.0,0.8631,1.039323633504594
2.672909960001915,0.195102916788606,0.5,0.8539,-2.172909960001915
65.47151277013896,0.2946954813359528,69.25,2.6631,3.7784872298610424
87.62681519792972,0.3978516013526954,82.35,2.4339,-5.2768151979297215
2.059519117063961,0.1970831690973591,-1.3,0.8559,-3.359519117063961
7.379817242749595,0.4966229638458482,6.9,0.4768,-0.4798172427495943
35.54145180483589,0.4958349861166204,34.65,1.0569,-0.8914518048358886
-1.1352418558750792,0.493583415597236,0.3,1.0809,1.4352418558750792
14.537488798173674,0.6970028875833914,13.1,0.6566,-1.4374887981736748
-6.640934283451235,0.3958828186856691,-2.25,1.4172,4.390934283451235
10.69776407093152,0.1927525057825751,9.75,0.6686,-0.9477640709315196
-6.265761396701384,0.1939864209505334,-8.4,0.8158,-2.1342386032986163
33.363246584910165,0.4985541928407618,35.3,0.8189,1.936753415089832
0.6929533476470104,0.3903962521959789,-2.2,1.2299,-2.8929533476470106
-3.96020096542614,0.2955373854792631,-2.15,1.1926,1.81020096542614
7.307993730406669,0.097962382445141,7.2,0.2264,-0.1079937304066689
5.001927525053057,0.1927525057825751,6.7,0.8312,1.698072474946943
1.880106309679587,0.6890441972635101,-1.35,0.5192,-3.230106309679587
24.276729559745046,0.4837929366231253,27.87,0.9564,3.5932704402549547
-2.4494672906493347,0.6970028875833914,1.6,1.4301,4.049467290649335
0.8215735549956938,0.3866228494104002,5.175,0.5676,4.353426445004306
37.28130528798928,0.2948692746215844,37.45,1.4128,0.1686947120107262
2.163725196927165,0.8973975471133714,0.8,2.0104,-1.363725196927165
-0.9064647873256464,0.3984460603645781,-1.35,0.9843,-0.4435352126743537
-1.5234491685739675,0.6970028875833914,2.1,1.4497,3.623449168573968
41.205082390306494,0.3970617431010522,41.2,0.7312,-0.0050823903064909
9.123082972865548,0.4915454187966968,10.35,0.3311,1.2269170271344514
4.237962594510582,0.7958615200955034,5.9,0.4867,1.6620374054894187
116.44121742589984,0.3978516013526954,108.5,5.0832,-7.941217425899836
5.774925962486225,0.493583415597236,5.4,0.3663,-0.3749259624862242
41.5435782060072,0.0,40.3,1.9879,-1.2435782060072
17.494772478342835,0.6970028875833914,18.65,1.0108,1.1552275216571637
26.67065033363095,0.3983666965441689,29.5,1.0426,2.829349666369051
12.475384009457985,0.7877116975187082,11.45,0.3933,-1.0253840094579854
7.707110555176333,1.2508419128259407,8.9,0.3515,1.1928894448236678
27.352384745595103,0.6970028875833914,34.68,1.1051,7.327615254404897
6.367993739608762,0.0,5.8,0.4427,-0.5679937396087622
29.967650230369287,0.0,29.9,1.8309,-0.0676502303692885
54.57192778101452,0.7765482430596001,41.8,0.7602,-12.771927781014526
3.768719627097997,0.5950609937518596,-0.2,1.5397,-3.968719627097997
2.5830622103939853,0.1971803214039239,2.0,0.6455,-0.5830622103939853
6.538018433177488,0.1920122887864823,4.15,0.5785,-2.3880184331774874
1.824390243897896,0.7804878048780489,1.85,0.656,0.025609756102104
-2.2178988326836926,0.5836575875486381,-4.45,1.2263,-2.2321011673163076
15.510718789405338,0.9700261907071492,16.55,2.0375,1.0392812105946625
5.008463606490925,0.7965747286667331,4.5,0.4884,-0.5084636064909249
2.5540659555735217,0.4892846658185732,-0.4,0.9698,-2.9540659555735216
-9.234080015646144,0.0,-5.7,1.199,3.5340800156461443
39.59698718576074,0.0,38.2,2.9994,-1.396987185760736
48.15688587437133,2.064287820701858,51.15,1.4366,2.993114125628665
-6.296441141965515,0.3910833007430583,-5.2,1.2,1.0964411419655145
32.403371113045715,0.2906131938390003,29.05,0.9801,-3.3533711130457142
5.322707595431146,1.180637544273908,1.8,1.0504,-3.5227075954311458
29.3537787513723,0.6970028875833914,32.75,1.5973,3.3962212486277004
28.01686109205151,0.0,30.55,1.8096,2.5331389079484907
22.578140166959848,0.7765482430596001,17.45,0.9926,-5.128140166959849
-3.8151210279853274,0.3984460603645781,,,
-11.107787416491592,0.0997108385681523,-5.4,0.8786,5.707787416491591
7.526777020451024,0.0973709834469328,7.35,0.317,-0.1767770204510244
7.144243836148886,0.7765482430596001,6.4,0.9525,-0.7442438361488852
4.434175597288406,0.4915937469275391,3.0,0.4999,-1.434175597288406
27.332339791358212,0.1987083954297069,32.5,2.1494,5.167660208641788
1.2337217272124128,0.1958288455889552,-0.05,1.2501,-1.2837217272124128
37.672176308540806,1.180637544273908,36.08,0.7969,-1.5921763085408074
29.500147304331605,1.5712461946381224,26.625,1.4173,-2.875147304331606
-7.34564224737091,0.3970617431010522,-0.7,0.8076,6.64564224737091
16.107251198753698,0.4892846658185732,16.25,0.7821,0.1427488012463023
4.172034486174934,0.4954910316123277,3.3,0.7499,-0.8720344861749343
1.9279454722523872,0.2921129503407985,2.4,1.0344,0.4720545277476127
35.22279179810324,0.5914826498422713,33.625,1.774,-1.5977917981032377
40.590150991806354,0.3947498272969505,41.75,0.979,1.159849008193646
47.5416258570038,0.2938295788442703,53.3,1.659,5.758374142996196
21.692808523229715,0.6905396073789088,26.4,1.2452,4.707191476770284
6.845413474760523,0.0,7.5,0.2879,0.6545865252394769
21.00848628379798,0.0986777185711466,18.9,1.0307,-2.10848628379798
-1.2498760043666672,0.1983930165658169,-1.1,0.718,0.1498760043666671
3.1271579362713364,0.8878366380585972,2.85,0.5721,-0.2771579362713363
12.091723672803653,0.1926967915984198,11.4,0.4038,-0.6917236728036524
-8.726298024422588,0.3971011615208974,-2.9,0.81,5.826298024422588
55.65734333885643,0.584738329597505,42.95,1.3607,-12.707343338856424
1.6169881161077504,0.0974089226573154,4.1,0.8098,2.4830118838922495
14.256014256015696,0.099000099000099,13.5,0.5246,-0.7560142560156962
18.315454906637196,0.4966229638458482,17.1,0.5656,-1.215454906637195
0.819512195118544,0.7804878048780489,-0.8,0.6939,-1.619512195118544
-1.449131513646776,0.3970223325062034,-1.8,0.6049,-0.3508684863532241
31.15656963021272,2.1636506687647525,34.9,1.7693,3.74343036978728
-3.2432432432461034,0.0982800982800982,-4.25,1.6723,-1.0067567567538966
7.492852213347673,0.1971803214039239,7.5,0.3297,0.007147786652327
3.0669419050381825,2.064287820701858,2.4,0.9442,-0.6669419050381826
12.29187071498816,0.2938295788442703,11.4,0.5158,-0.8918707149881602
35.22211253701904,0.493583415597236,30.8,0.9358,-4.422112537019043
5.629397967163835,0.8795934323690382,2.7,1.0852,-2.929397967163835
4.395280235982192,0.4916420845624386,5.15,0.4643,0.7547197640178087
-0.3378042722270318,0.1987083954297069,-3.65,0.8403,-3.312195727772968
-6.5295780138359705,0.584738329597505,-7.85,0.6531,-1.3204219861640292
2.9578289730562632,0.3904724716907458,2.6,0.4816,-0.3578289730562631
-6.096235549845128,0.3952178638474459,-2.2,1.4807,3.896235549845127
11.63607965638252,1.0737992971495511,10.9,0.3051,-0.73607965638252
45.19622454049204,0.1987083954297069,41.2,0.7778,-3.9962245404920367
-3.5562580262825456,0.0987849451743554,-3.55,0.8853,0.0062580262825457
-1.133489461357496,1.124121779859485,-1.8,1.2839,-0.6665105386425041
67.91918797579913,0.3903962521959789,77.15,2.8062,9.230812024200873
60.75558982266152,0.1927525057825751,60.0,1.5082,-0.7555898226615199
14.522697923912409,0.09933445912387,13.4,0.4579,-1.1226979239124084
5.052590189717308,2.064287820701858,4.9,0.4299,-0.1525901897173076
6.354066985645376,0.4784688995215311,6.1,0.365,-0.2540669856453768
-3.671813143308716,0.3958828186856691,-1.75,1.3009,1.921813143308716
42.246945465388016,0.09933445912387,41.7,0.7988,-0.5469454653880135
87.48272458045669,0.493583415597236,88.6,3.0685,1.1172754195433043
36.36454282580633,0.4985541928407618,38.7,0.8039,2.335457174193671
-7.514107514104056,0.099000099000099,-1.455,0.7704,6.059107514104056
6.54570285825688,0.195102916788606,5.6,0.1766,-0.9457028582568804
-0.6515608285502809,0.1944957697170086,-0.5,0.9129,0.1515608285502808
92.87771928081852,0.09933445912387,87.3,1.9772,-5.577719280818528
2.5235966219581454,0.1987083954297069,-2.5,1.2395,-5.023596621958145
5.020420360594554,0.3984460603645781,3.05,0.6767,-1.970420360594554
27.992240543162545,0.5819592628516004,27.54,0.6747,-0.4522405431625458
13.176075799445858,0.1973943939992104,12.8,0.8708,-0.3760757994458572
6.647793830532675,1.0737992971495511,7.4,0.5287,0.7522061694673257
-2.8967254408040715,0.5812826971517148,-6.55,1.5143,-3.653274559195928
-8.120242045676077,0.1951981260979894,-1.55,1.2859,6.5702420456760775
-3.2207690806196667,0.1951981260979894,-1.25,0.7227,1.9707690806196667
11.100487618319708,0.382445740510565,12.1,0.4579,0.999512381680292
0.1636976408334422,1.2518054886856045,2.8,0.8191,2.6363023591665575
0.933019053228334,0.0,3.2,0.4442,2.266980946771666
-0.5414813382372342,1.1603171533552503,-5.05,1.9754,-4.508518661762766
15.177610333694137,0.4892846658185732,15.65,0.7598,0.4723896663058635
41.350084754213945,0.4985541928407618,44.25,1.3073,2.899915245786054
14.775882586269516,0.4958349861166204,18.0,1.6448,3.224117413730484
5.827776167003804,0.1932927418575432,4.52,0.4176,-1.3077761670038042
-5.412907702983174,0.8922375334589076,-2.3,0.672,3.1129077029831738
21.390958768014023,0.1987083954297069,20.4,1.7013,-0.9909587680140248
-5.637570593482937,0.4953928465272961,1.3,1.2014,6.937570593482937
6.725680746654444,1.2508419128259407,8.3,0.2109,1.574319253345557
-6.371383273880589,0.1981767736821244,-5.0,1.232,1.3713832738805891
57.87746170678568,0.3978516013526954,56.6,1.1077,-1.2774617067856795
15.086249875366097,0.8973975471133714,16.7,0.3779,1.6137501246339028
-0.5353425200762101,0.8922375334589076,-0.75,0.792,-0.2146574799237899
-0.0678163146674181,0.5812826971517148,-5.2,1.0203,-5.132183685332582
11.562531042017898,0.09933445912387,10.4,0.3331,-1.162531042017898
19.37784822667421,0.4953437685753913,20.1,2.0373,0.7221517733257912
14.48282707960741,0.3970617431010522,13.55,0.4798,-0.93282707960741
58.27150977936525,0.1926967915984198,57.2,1.9415,-1.0715097793652504
11.362733412795322,0.4966229638458482,10.5,0.3802,-0.8627334127953219
-8.905269449143393,0.3984460603645781,-0.65,0.9082,8.255269449143393
30.64263322883899,0.097962382445141,28.5,0.9724,-2.1426332288389887
55.70349761526724,0.9936406995230525,56.8,1.5927,1.0965023847327586
0.491787154519524,0.2950722927117143,-0.9,0.9902,-1.391787154519524
-10.349622566545744,0.4966229638458482,-5.7,0.8406,4.649622566545744
60.20033720122691,0.5950609937518596,67.45,3.6695,7.249662798773095
64.71760135471776,0.3984460603645781,66.7,2.0876,1.9823986452822453
2.195073500197782,0.2979737783075089,1.385,0.8069,-0.8100735001977821
6.187823318743696,0.7958615200955034,6.9,0.4961,0.7121766812563042
101.52178237517376,0.3978516013526954,91.6,3.2454,-9.921782375173764
4.092219020174868,1.921229586935639,3.95,0.7427,-0.1422190201748678
4.657345411582514,0.7877116975187082,-1.2,1.9578,-5.857345411582514
5.362559937374695,0.4892846658185732,3.65,0.5172,-1.7125599373746954
37.15284521266463,0.5826374053214216,39.0,0.9622,1.84715478733537
2.1760731319577986,0.9936406995230525,-0.45,0.9426,-2.626073131957799
38.22488696677749,0.2948692746215844,39.4,1.0216,1.1751130332225088
16.136991709434014,0.1973943939992104,17.4,1.1849,1.2630082905659847
3.4013605442148176,0.1971803214039239,1.45,1.3269,-1.9513605442148176
5.290169759179413,0.1973943939992104,3.95,0.7804,-1.340169759179413
8.202701370402947,0.1971803214039239,8.365,0.633,0.1622986295970534
54.24673902220771,0.6970028875833914,57.85,1.8676,3.6032609777922886
14.055985705780714,1.0919197935278937,15.55,0.5762,1.494014294219287
66.95470798570074,0.4966229638458482,69.865,3.1346,2.9102920142992588
12.42921013413019,0.5961251862891207,10.4,0.4012,-2.0292101341301905
27.709054923305295,0.1979218208807521,30.45,1.1419,2.740945076694704
-2.101384324271071,0.3983666965441689,-1.0,0.7479,1.1013843242710708
16.451177151674678,0.7719027402547279,17.1,1.1093,0.6488228483253238
-1.748318924111152,1.921229586935639,-4.95,1.9235,-3.201681075888848
-11.36612021857432,0.1987083954297069,-7.5,0.6506,3.86612021857432
74.69172633253837,1.0938743038981702,85.7,2.4959,11.008273667461635
9.427408951076709,0.8931229532598988,11.8,2.5296,2.372591048923292
33.44448803452191,0.3923107100823852,34.8,1.7033,1.3555119654780867
-0.2044790652377087,0.0973709834469328,-0.7,1.8155,-0.4955209347622912
-5.219289541577731,0.5953562214725143,-1.5,2.0302,3.719289541577731
2.5024248302635757,0.1939864209505334,1.0,1.0194,-1.5024248302635757
5.395784543327436,1.124121779859485,3.05,2.016,-2.3457845433274365
25.689503946984292,0.584738329597505,24.0,1.5033,-1.689503946984292
12.965679084777587,0.1955607705094358,13.55,0.6074,0.5843209152224134
26.116970278042153,0.0958772770853308,23.2,1.1884,-2.916970278042154
-0.446386171520456,0.4748789058790009,1.15,1.08,1.596386171520456
79.10982774071927,0.6970028875833914,85.0,2.5147,5.890172259280732
-9.349230004963951,0.1987083954297069,-6.6,0.6142,2.749230004963952
10.222353404171011,1.180637544273908,9.3,0.2961,-0.9223534041710106
12.14742014742072,0.3931203931203931,12.2,0.3593,0.0525798525792797
-8.426687816000793,0.8922375334589076,-2.45,0.6753,5.976687816000793
6.852439508127942,0.4958349861166204,5.75,0.624,-1.102439508127942
-0.8890191481081403,0.0,-1.3,1.0614,-0.4109808518918597
11.167211167210016,0.099000099000099,9.85,0.4089,-1.3172111672100169
-9.400436767918563,0.3970617431010522,-2.55,0.8401,6.850436767918564
189.29105593778425,0.4985541928407618,212.3,23.282,23.00894406221576
5.877727540786244,0.2948692746215844,5.55,0.521,-0.3277275407862445
5.4734590705859,0.4860976083997667,3.5,1.1243,-1.9734590705859
34.98668770338546,0.1972192091509713,32.9,1.4336,-2.086687703385465
3.6599648643373026,0.3903962521959789,0.0,1.0439,-3.6599648643373026
61.55586152636092,2.1636506687647525,62.8,2.2604,1.244138473639076
13.272200772200772,0.2895752895752895,13.95,0.5479,0.6777992277992269
4.149295215406284,1.0919197935278937,4.995,0.8073,0.8457047845937158
12.375844259044898,0.4966229638458482,11.1,0.3791,-1.2758442590448986
-8.488451417989598,0.584738329597505,-8.4,0.8434,0.0884514179895976
15.028504029880944,0.7863180656575585,16.25,0.5902,1.2214959701190562
-5.522720666599254,0.0968898362561767,-5.7,0.9865,-0.1772793334007465
9.562653562656708,0.1965601965601965,9.7,0.6076,0.1373464373432913
-1.641137855581316,0.3978516013526954,-2.45,1.4672,-0.8088621444186841
-2.8995546759033064,0.1979218208807521,1.5,0.7303,4.399554675903307
74.5039385781246,0.0997108385681523,87.6,1.5426,13.09606142187539
8.435050114121266,0.8931229532598988,8.55,0.5505,0.114949885878735
-1.3197062909324728,0.5953562214725143,2.7,1.5837,4.019706290932473
9.542586750788931,0.5914826498422713,8.5,0.3398,-1.0425867507889317
22.999801469126716,1.0919197935278937,25.85,10.5114,2.8501985308732856
25.1716247139617,0.5969555268132524,44.125,2.8924,18.9533752860383
22.61962771659597,0.584738329597505,23.4,1.1763,0.7803722834040272
-3.0253237966338498,0.1933114247052001,-4.2,1.0129,-1.1746762033661504
52.296992849446,0.783622294054266,38.5,9.8183,-13.796992849446
2.6497695852554117,0.1920122887864823,0.45,0.981,-2.1997695852554116
-2.9414648494950484,1.568781253064026,-3.3,1.0686,-0.3585351505049514
16.34663217590318,0.5969555268132524,14.7,0.5964,-1.646632175903182
5.697005170223888,0.195102916788606,3.7,0.3691,-1.997005170223888
10.439724798086711,0.4985541928407618,9.95,0.3111,-0.4897247980867121
1.599602583209719,0.1987083954297069,-2.7,1.1416,-4.299602583209719
-8.568913234864558,0.7825491538687275,-3.15,0.8316,5.418913234864558
96.5359801488854,0.3970223325062034,90.8,4.403,-5.735980148885403
7.308937506128803,1.962130874129304,7.25,0.6103,-0.0589375061288031
19.521794745642534,0.4919807143559973,18.8,1.1113,-0.7217947456425335
-4.1901066925312405,0.0969932104752667,-2.8,1.0887,1.3901066925312406
-0.1776900296152922,0.493583415597236,1.925,0.8548,2.1026900296152924
0.9857612267230536,0.7965747286667331,1.05,1.1202,0.0642387732769464
-4.755286409213613,0.3971011615208974,-0.5375,0.8278,4.2177864092136135
19.922303018228902,0.3984460603645781,19.1,1.1352,-0.8223030182289008
50.85453100159012,0.9936406995230525,51.6975,1.4693,0.84296899840988
10.254638768258406,0.1973943939992104,10.4,0.3944,0.1453612317415942
12.74818163947431,0.2948692746215844,12.4,0.4183,-0.3481816394743102
-2.605799373044174,0.097962382445141,-2.6,0.7066,0.0057993730441738
0.9797130133577068,0.1979218208807521,4.0,0.5647,3.0202869866422932
-7.698404835038218,0.4953928465272961,1.4,1.2305,9.09840483503822
55.51899491474753,0.0997108385681523,63.8,1.5201,8.281005085252467
19.36413313462291,0.5961251862891207,17.05,0.6369,-2.31413313462291
-1.679344067968355,0.0987849451743554,-2.5,1.0079,-0.8206559320316451
48.18235995232622,0.4966229638458482,47.45,1.5772,-0.7323599523262203
-7.247796278152968,0.2938295788442703,-5.5,1.4342,1.7477962781529683
25.74962889658268,0.1979218208807521,29.4,1.1498,3.650371103417317
1.3836110299115794,1.2666861541459613,-0.15,0.9183,-1.5336110299115793
26.04309500489374,0.0,27.1,0.9406,1.0569049951062617
0.7567567567607612,0.1965601965601965,-1.2,0.6334,-1.956756756760761
30.406536076384896,0.8859139679102274,27.85,1.194,-2.5565360763848943
10.838952796509613,0.4958349861166204,9.95,0.5377,-0.8889527965096136
34.18676193311212,0.8931229532598988,37.7,1.13,3.5132380668878795
-2.4186412348826343,0.4915937469275391,-0.95,0.7119,1.4686412348826343
32.97893481717242,0.9936406995230525,32.9,2.0029,-0.0789348171724242
17.972034809821704,0.1955607705094358,18.9,1.1395,0.9279651901782948
-2.312138728325906,1.421396759215389,1.1,0.6879,3.412138728325906
-4.13555992141368,0.1964636542239685,-1.2,0.6852,2.93555992141368
3.2922220011984757,0.3978516013526954,2.9,0.8465,-0.3922220011984758
26.406799531065683,0.0,23.0,0.9626,-3.4067995310656833
3.430002890456641,0.1926967915984198,3.0,0.4565,-0.4300028904566408
-2.087804878048213,0.7804878048780489,-5.1,0.7735,-3.012195121951786
22.500491062663027,0.0,26.3,1.0994,3.7995089373369737
9.297275957361087,0.1973943939992104,8.815,0.2966,-0.4822759573610877
41.59647404505501,0.2938295788442703,38.2,1.5475,-3.396474045055008
60.84145613685921,0.3978516013526954,58.7,1.3365,-2.1414561368592047
59.60707269155235,0.2946954813359528,67.75,2.3412,8.142927308447653
6.86091150703924,0.6890441972635101,5.7,0.4433,-1.1609115070392395
-3.469812630117974,0.8922375334589076,-1.85,0.8278,1.6198126301179738
29.63879267688975,0.1979218208807521,31.05,0.9793,1.4112073231102509
5.982738328754947,0.3923107100823852,2.0,0.8078,-3.982738328754947
7.729516288254439,0.493583415597236,7.2,0.4108,-0.5295162882544391
4.199761715650517,0.3971405877680699,2.3,1.4099,-1.899761715650517
40.343005284680835,0.4985541928407618,43.245,0.9893,2.9019947153191623
-5.192761605034261,2.1636506687647525,-3.0,1.1447,2.192761605034261
21.13614103819956,0.2938295788442703,17.85,0.7084,-3.2861410381995597
43.11971692549178,0.2948692746215844,43.3,1.1472,0.1802830745082175
7.59456838021508,0.5819592628516004,7.7,0.3258,0.1054316197849205
-11.204676045173043,0.4953437685753913,-4.25,1.0034,6.954676045173043
0.2771179730860172,0.3958828186856691,2.6,1.0122,2.322882026913983
1.465958284138098,1.180637544273908,-1.1,1.2477,-2.565958284138098
2.5829525134100386,0.5960659646334194,5.145,0.646,2.562047486589961
-0.655384916363351,0.7825491538687275,-0.85,0.7754,-0.1946150836366489
17.396920019872866,0.5961251862891207,15.0,0.6733,-2.3969200198728657
17.56112104949141,0.3975352812562115,21.45,1.4196,3.888878950508591
4.665898617512079,0.1920122887864823,3.5,0.7841,-1.1658986175120791
7.462538453901755,0.8931229532598988,7.7,0.5435,0.2374615460982454
-0.8805883491421448,2.806270563189471,-1.5,1.747,-0.6194116508578552
43.35815047022143,0.097962382445141,40.395,1.1737,-2.9631504702214286
2.938863770393122,0.2948692746215844,1.3,1.0908,-1.638863770393122
21.03752103752104,0.099000099000099,19.95,0.8445,-1.0875210375210391
22.965397254979734,0.4832785617630002,19.95,0.8801,-3.015397254979735
31.604522015068767,0.4958349861166204,29.5,1.1496,-2.104522015068767
4.471544715449174,0.297441998810232,-3.8,1.2963,-8.271544715449174
-1.7807026033064042,0.8709958385754378,-1.25,1.877,0.5307026033064042
1.3719806763268154,0.4830917874396135,3.15,0.6656,1.7780193236731845
4.296797294608821,0.3978516013526954,3.95,0.4744,-0.3467972946088204
9.957184108334165,0.7965747286667331,9.4,0.4159,-0.5571841083341642
12.069982307849529,0.7863180656575585,12.4,0.4244,0.3300176921504718
37.12158808933147,0.3970223325062034,37.65,1.1284,0.528411910668531
-7.073147163976915,0.0,0.95,3.1852,8.023147163976915
27.239397542605985,0.1981767736821244,31.3,1.2846,4.060602457394015
10.316354954240568,0.7958615200955034,9.0,0.3101,-1.316354954240568
71.75186104218449,0.3970223325062034,69.8,1.9662,-1.9518610421844895
3.1770782574817633,0.584738329597505,1.6,1.063,-1.5770782574817632
3.473921127314718,0.4892846658185732,1.4,0.9963,-2.0739211273147182
-4.7741425323729825,0.1976870613818325,-4.0,1.0978,0.7741425323729825
-2.4956471271055776,1.354227123234668,-0.9,1.5534,1.5956471271055777
-1.6487882399644582,0.2979737783075089,-1.85,0.8973,-0.2012117600355418
23.6612455374857,0.4958349861166204,27.6,1.2172,3.9387544625143
-0.3019676602424972,0.0974089226573154,3.1,0.5712,3.401967660242497
56.3067105394368,0.4985541928407618,60.05,1.1927,3.743289460563197
1.08513366873685,0.8878366380585972,-0.2,0.5877,-1.28513366873685
-8.197845249750582,0.2938295788442703,-5.55,1.3251,2.647845249750582
-3.962884206455195,0.4832785617630002,-4.5,0.7989,-0.537115793544805
13.282260471593418,0.5969555268132524,13.2,0.2751,-0.0822604715934183
3.2561361836904923,0.3958828186856691,3.65,1.2714,0.3938638163095076
3.7560975609741902,0.7804878048780489,2.5,0.5773,-1.2560975609741902
-5.09375604098596,0.4832785617630002,-4.6,0.7235,0.4937560409859607
-5.400039706176621,0.3970617431010522,-0.8,0.7291,4.600039706176621
7.32524894015606,0.1971803214039239,6.5,0.5532,-0.8252489401560599
-4.1131361418231815,0.3983666965441689,-0.95,0.6036,3.163136141823182
-9.65025265034971,0.4953928465272961,1.45,1.1174,11.10025265034971
-4.540071061980403,0.1973943939992104,-3.75,1.0393,0.7900710619804032
0.5861897665213944,0.1987083954297069,-3.7,0.8227,-4.286189766521394
41.577200858870334,0.3903962521959789,40.49,1.0965,-1.0872008588703324
10.56228035923439,1.0737992971495511,9.3,0.6724,-1.2622803592343883
54.54182869677644,0.0997108385681523,62.6,1.7352,8.05817130322356
-0.189224180860799,0.3983666965441689,0.3,0.8082,0.489224180860799
9.167242912179034,0.0987849451743554,8.55,0.3452,-0.6172429121790337
31.43079013783477,0.7765482430596001,24.2,0.7599,-7.23079013783477
58.78298542733789,0.7877116975187082,64.0,2.9107,5.217014572662109
9.05708410848918,0.1958288455889552,8.9,0.3294,-0.1570841084891796
25.086147484496603,0.0984542679925174,26.8,1.1974,1.7138525155033977
4.185774221876157,0.3902819787296322,2.0,1.1782,-2.185774221876157
-0.1495662578536795,0.0997108385681523,-1.3,0.8167,-1.1504337421463204
-0.1658536585419802,0.7804878048780489,-2.4,1.1285,-2.2341463414580196
-3.6253776435056664,0.584738329597505,-7.15,0.6599,-3.524622356494334
-12.399403874809662,0.1987083954297069,-2.8,1.0047,9.599403874809664
7.193270811171858,0.3867349898482065,7.1,0.236,-0.093270811171858
-5.906886517947414,0.5819592628516004,-3.1,1.7108,2.806886517947414
-4.858100118250189,0.1970831690973591,-5.05,1.1713,-0.1918998817498112
8.63528948405285,0.7877116975187082,8.165,0.7309,-0.4702894840528504
5.535019455255183,0.5836575875486381,-5.7,1.6994,-11.235019455255184
28.987217305797373,0.4916420845624386,26.6,1.2421,-2.387217305797371
-0.909706764729558,0.8709958385754378,-1.1,1.2717,-0.190293235270442
1.9337564458519336,0.4958349861166204,0.8,0.6559,-1.1337564458519336
37.66528517861212,0.0986777185711466,40.1,1.0788,2.434714821387878
-6.122245488083975,0.0997108385681523,-1.25,1.4251,4.872245488083975
26.926070038910787,0.5836575875486381,22.9,1.7989,-4.026070038910788
39.08674890569127,0.7958615200955034,44.0,1.4398,4.913251094308727
0.7934146583386992,0.5950609937518596,2.1,1.0826,1.306585341661301
9.159705159704872,0.3931203931203931,9.2,0.2208,0.040294840295127
-3.263565122508554,0.1983930165658169,-1.95,0.7685,1.3135651225085538
87.69230769230624,0.3970223325062034,86.325,2.2255,-1.367307692306241
-9.301171332144747,0.3970617431010522,-1.35,1.0966,7.951171332144748
-3.497661730316161,0.4871395167575993,-1.55,0.6365,1.9476617303161607
5.592426312703422,0.1951981260979894,5.6,0.4962,0.0075736872965777
14.382201032978946,0.4966229638458482,13.1,0.6498,-1.2822010329789464
-1.1652225873899549,0.3983666965441689,-0.95,0.7844,0.2152225873899549
-1.5182884748110748,0.1971803214039239,-2.4,1.0238,-0.8817115251889251
3.2267613972805154,0.0986777185711466,2.5,0.5278,-0.7267613972805154
0.261602557895625,0.0968898362561767,-2.15,1.4629,-2.411602557895625
-13.38245544159619,0.6970028875833914,-1.0625,1.1795,12.31995544159619
-2.578287069051252,0.0987849451743554,-2.6,0.9335,-0.0217129309487482
7.382016890213901,0.5961251862891207,5.0,0.3872,-2.382016890213901
-7.814035777476278,0.2948692746215844,-7.65,0.971,0.1640357774762773
119.42431761786573,0.3970223325062034,105.2,7.8543,-14.224317617865722
5.540767031452844,0.1971803214039239,5.55,0.5788,0.0092329685471561
-0.7295010213014298,0.0972668028401906,-3.1,1.0985,-2.37049897869857
12.554027504917595,0.2946954813359528,11.4,0.2281,-1.154027504917595
310.3554714726699,0.6970028875833914,222.55,14.3659,-87.80547147266986
13.07253784155977,0.7863180656575585,13.6,0.3945,0.5274621584402297
8.007201743577268,1.421396759215389,10.7,0.5412,2.6927982564227317
-8.62034837687958,0.3958828186856691,-2.8,1.1155,5.82034837687958
18.15194277981716,0.4832785617630002,17.1,0.8933,-1.051942779817157
-1.5200233849799742,1.2666861541459613,-2.3,1.0952,-0.7799766150200256
2.7902439024395926,0.7804878048780489,2.4,0.5321,-0.3902439024395927
30.817051509772252,0.0986777185711466,37.3,1.6309,6.482948490227745
1.616878635511602,0.1971803214039239,0.1,0.8172,-1.516878635511602
33.18742538798307,0.7958615200955034,32.1,2.5328,-1.0874253879830675
9.186602870812004,0.4784688995215311,9.2,0.3314,0.0133971291879948
1.293274970158088,0.7958615200955034,-0.35,2.3328,-1.643274970158088
1.8891687657402536,0.5812826971517148,-4.025,0.8542,-5.9141687657402535
3.074402467227306,0.1927525057825751,1.55,0.7837,-1.5244024672273058
-4.2289039767221945,0.1939864209505334,-6.3,1.2706,-2.0710960232778053
5.882922109338893,0.4837929366231253,5.9,0.6764,0.017077890661107
-6.322811908790745,0.6970028875833914,1.1,1.0375,7.422811908790745
-2.2517607380260634,0.1983930165658169,-1.3,0.7722,0.9517607380260632
81.90760059612751,0.1987083954297069,85.4,2.8277,3.492399403872497
4.020496649587846,0.1970831690973591,2.0,0.6457,-2.0204966495878462
0.048388657701452,0.8709958385754378,-0.45,1.0792,-0.498388657701452
35.279212552387065,0.584738329597505,27.95,1.7738,-7.329212552387066
-3.1095755182640232,0.493583415597236,-1.9,0.7426,1.209575518264023
1.1836055952255962,0.7825491538687275,-0.3,0.6937,-1.4836055952255962
28.17706792862245,0.1971803214039239,29.15,1.2192,0.9729320713775492
-8.328370061543993,0.3970617431010522,-0.8,0.888,7.528370061543993
-6.867119301650579,0.5819592628516004,-4.1,1.7761,2.7671193016505793
1.7092337917536726,0.2946954813359528,-2.25,1.1713,-3.9592337917536726
-8.245683667392013,0.5953562214725143,-0.22,0.9869,8.025683667392013
-1.4754416618101325,0.7765482430596001,-1.6,1.5244,-0.1245583381898676
9.064241713116337,0.1955607705094358,9.4,0.4791,0.3357582868836637
-3.539734769165056,0.4985541928407618,-2.3,0.7153,1.239734769165056
23.716262301467903,1.2666861541459613,22.9,0.9723,-0.8162623014679049
-9.039767216294578,0.0969932104752667,-5.1,1.0352,3.9397672162945785
12.988039932785822,0.1976870613818325,11.9,0.3467,-1.088039932785822
-7.092337917486408,0.1964636542239685,-1.45,0.9801,5.642337917486408
30.86960852675091,0.3984460603645781,32.9,1.0511,2.0303914732490895
21.295192689712287,0.4966229638458482,19.1,0.9648,-2.195192689712286
46.77355502771381,0.3958828186856691,65.35,3.5511,18.576444972286183
9.72317998226317,0.1970249236528421,8.9,0.4394,-0.82317998226317
-2.005505308691381,1.2780180888714117,-2.65,1.4411,-0.6444946913086187
5.259168009092803,1.421396759215389,7.95,0.8598,2.6908319909071974
8.516242317825775,0.195102916788606,7.5,0.3746,-1.016242317825775
87.20545277507786,0.0973709834469328,87.7,3.6716,0.4945472249221438
-4.580450248510954,0.584738329597505,-7.15,0.6991,-2.5695497514890464
7.621110673498659,0.7877116975187082,7.65,0.4877,0.028889326501341
5.590243902435049,0.7804878048780489,5.1,0.6895,-0.4902439024350498
10.051823604183864,0.1955607705094358,10.4,0.2761,0.3481763958161359
32.07678535906107,0.3978516013526954,30.18,1.1671,-1.8967853590610704
62.79347393553782,0.7958615200955034,62.1,3.679,-0.693473935537817
12.34580183048497,0.7958615200955034,10.4,0.4384,-1.9458018304849691
122.52163650668938,2.1636506687647525,105.2,4.6724,-17.321636506689373
1.697395376058885,0.195102916788606,-0.4,1.101,-2.097395376058885
-2.847571189279159,0.3941275002463297,-2.8,0.6714,0.047571189279159
21.378074280594607,0.6970028875833914,24.75,3.7435,3.371925719405393
-7.43531277882423,0.8922375334589076,-2.45,0.6322,4.9853127788242295
-10.060823611523093,0.0997108385681523,-1.05,1.4399,9.010823611523092
7.815572158864617,1.2780180888714117,7.5,0.4223,-0.315572158864617
3.455975148041619,0.0,-0.05,1.0666,-3.505975148041619
29.562475364603863,0.1970831690973591,31.55,1.0203,1.987524635396138
-7.263345901964387,0.5953562214725143,-5.2,1.7533,2.0633459019643867
33.866193013617234,0.0986777185711466,34.9,1.0989,1.033806986382764
-5.208845208848069,0.0982800982800982,-3.1,1.5756,2.1088452088480687
8.397022332505337,0.3970223325062034,6.95,0.3829,-1.4470223325053366
32.86010056196564,0.1971803214039239,32.1,1.2759,-0.7601005619656362
22.202217378944653,1.421396759215389,,,
5.3332028574196,0.7828554653097172,2.3,1.3358,-3.0332028574196004
9.011251618045316,0.7965747286667331,8.95,0.4208,-0.0612516180453166
11.38076132694457,0.4892846658185732,10.1,0.3693,-1.280761326944571
63.890818858556166,0.3970223325062034,62.25,1.4247,-1.640818858556166
-7.412876550500921,0.6891120299271509,-3.35,1.2932,4.062876550500921
2.4474831549753904,0.1981767736821244,-0.7,2.2276,-3.14748315497539
-6.134847126783679,0.3983666965441689,-1.25,0.6824,4.884847126783679
31.461006910170408,0.493583415597236,29.04,1.0486,-2.4210069101704086
2.298050139280688,0.7958615200955034,2.8,2.715,0.501949860719312
22.310250391234028,0.0978090766823161,18.6,0.5381,-3.710250391234027
34.37032605444328,0.4985541928407618,36.7,0.9041,2.3296739455567206
-4.979745084478681,0.3952178638474459,-3.7,0.7866,1.279745084478681
0.3059009275754368,0.0986777185711466,0.25,0.685,-0.0559009275754368
-5.661124307199018,0.3958828186856691,-3.9,1.9443,1.7611243071990184
-3.7843137254907666,0.392156862745098,-1.1,0.595,2.6843137254907665
13.369090186736596,0.4966229638458482,12.2,0.3904,-1.1690901867365966
-4.451213520682751,0.2947823523631718,-3.2,1.1701,1.251213520682751
0.646425073453689,0.0,-1.7,0.9041,-2.346425073453689
0.6736675252628205,0.4953437685753913,-0.75,0.673,-1.4236675252628204
63.43811394892116,0.2946954813359528,65.125,3.1491,1.6868860510788366
9.210906638409238,0.1926967915984198,8.25,0.4107,-0.960906638409238
3.0170267848240924,0.7965747286667331,2.75,1.0638,-0.2670267848240923
21.055246422895795,0.9936406995230525,17.6,0.9857,-3.4552464228957938
-8.251857645680806,0.3910833007430583,1.7,1.1053,9.951857645680803
-2.5830622103939853,0.1971803214039239,-1.95,0.9823,0.6330622103939854
46.84434756761997,0.4953928465272961,44.7,0.9386,-2.144347567619967
10.9905153026283,0.1955607705094358,11.1,0.3209,0.1094846973717
16.417318933914306,0.1981571386109184,14.1,1.0312,-2.317318933914306
3.389830508477029,0.280925180260324,2.45,0.5598,-0.9398305084770286
-3.862830114306518,0.1970831690973591,-5.05,1.1253,-1.187169885693482
48.758442590389144,0.2979737783075089,50.3,0.9099,1.5415574096108529
-4.157740993180914,0.0973709834469328,-2.4,1.1337,1.757740993180914
14.038919777600691,0.3971405877680699,12.9,0.6516,-1.138919777600691
1.7951006644824672,0.5950609937518596,2.05,1.3449,0.2548993355175326
10.811873402791427,0.2948692746215844,10.05,0.4224,-0.7618734027914265
33.090909090907374,0.1965601965601965,34.0,2.2985,0.909090909092626
43.532533909967434,0.7863180656575585,41.85,0.7047,-1.6825339099674324
1.38547705610319,0.2947823523631718,1.35,1.4547,-0.0354770561031898
17.502928543537966,1.0737992971495511,18.25,0.864,0.7470714564620344
-8.185472012546363,0.0,-4.0,1.2769,4.185472012546363
-10.222048322407405,0.0,-4.5,1.7438,5.722048322407405
17.57522469714533,0.0,15.75,0.8985,-1.8252246971453303
1.192368839432001,0.9936406995230525,-0.85,0.8647,-2.042368839432001
4.367544119097201,0.1971803214039239,4.05,0.6477,-0.3175441190972012
8.853754940717788,0.4940711462450592,7.9,0.3973,-0.953754940717788
1.9982281720630335,0.8859139679102274,-1.75,1.155,-3.7482281720630337
31.35716361522362,0.2906131938390003,29.5,1.3255,-1.8571636152236195
24.80950024740199,0.1979218208807521,28.65,1.1087,3.84049975259801
2.2664291369763196,0.3958828186856691,2.95,1.181,0.6835708630236805
16.543090996630035,1.2518054886856045,21.235,1.5345,4.691909003369965
38.756587936754954,0.3903962521959789,37.75,1.0785,-1.0065879367549542
-0.9273107986841072,0.8973975471133714,-1.7,0.4888,-0.7726892013158928
6.036457814528287,0.3984460603645781,4.17,0.4591,-1.866457814528287
-4.169430493699854,1.421396759215389,-1.2,1.6385,2.9694304936998535
1.922119310825905,0.3983666965441689,2.9,0.9321,0.977880689174095
4.63385592379267,0.5953562214725143,,,
1.0177865612708614,0.4940711462450592,-1.35,1.2841,-2.3677865612708615
-0.9204534444308592,0.2906695087685301,-0.2,1.3219,0.7204534444308592
11.16615476072208,0.4953928465272961,10.0,0.3462,-1.1661547607220797
8.313656040925904,1.180637544273908,7.4,0.2655,-0.913656040925904
3.4809190415206706,0.1972192091509713,1.6,1.012,-1.8809190415206705
27.906058811926297,0.0986777185711466,26.35,3.9248,-1.5560588119262952
31.45889120301613,0.5950609937518596,33.825,1.5788,2.366108796983873
-12.416608583086616,0.6970028875833914,0.6,0.8948,13.016608583086615
62.800875273522394,0.3978516013526954,59.45,1.4926,-3.350875273522391
28.232608911379465,0.8931229532598988,31.95,1.3387,3.717391088620534
7.06731244439476,0.1976870613818325,6.6,0.3297,-0.4673124443947607
-0.9989331781581184,0.3879352148191252,-1.35,0.6089,-0.3510668218418816
16.372375907391653,0.6866784382970373,13.055,0.8903,-3.3173759073916536
11.522673964035254,0.8795934323690382,11.3,0.5384,-0.2226739640352537
38.25865280909579,1.568781253064026,36.75,2.474,-1.5086528090957927
3.2675289312463116,0.1944957697170086,2.75,0.7806,-0.5175289312463116
14.581493474635057,0.7850063781768228,13.6,0.3811,-0.981493474635057
11.025761124118782,1.124121779859485,9.0,0.3889,-2.025761124118782
-6.79773082942524,0.0978090766823161,-2.2,0.9352,4.59773082942524
2.6254147960202308,0.3903962521959789,-1.25,0.8899,-3.8754147960202303
2.0320749078602183,0.3984460603645781,-0.1,1.0179,-2.1320749078602184
-6.618448429604964,0.4953928465272961,0.43,1.2401,7.048448429604964
14.574385005857373,1.0737992971495511,14.5,1.0422,-0.0743850058573727
-10.437677469887609,0.1958288455889552,-8.4,0.4944,2.0376774698876083
-5.259549461307879,0.2938295788442703,-3.0,1.3392,2.259549461307879
-0.1260911736223633,0.5819592628516004,-1.95,1.2487,-1.8239088263776368
1.612587959344659,0.8795934323690382,-4.0,1.4799,-5.612587959344659
42.14392059553263,0.3970223325062034,41.9,1.185,-0.2439205955326286
-1.28579777907628,0.0974089226573154,3.0,0.6657,4.28579777907628
5.5555555555535845,1.7421602787456447,6.25,1.5338,0.6944444444464155
1.706418460347137,0.2908667830133798,3.0,0.6404,1.293581539652863
38.1969272393527,0.0,24.2,1.6559,-13.996927239352704
36.99842643587984,2.1636506687647525,36.85,1.3575,-0.1484264358798412
30.351979260147903,0.4985541928407618,32.9,1.1074,2.5480207398520953
-5.199255850384482,0.0,-4.6,1.0669,0.5992558503844823
-3.889427740060172,0.5819592628516004,-4.6,1.9268,-0.7105722599398279
5.192613185070692,0.3971405877680699,2.8,1.5395,-2.392613185070692
8.708058644099719,0.4919807143559973,7.45,0.2724,-1.2580586440997186
3.2147070389272496,0.4915454187966968,4.9,0.9411,1.6852929610727507
58.750871600760235,0.3984460603645781,59.7,1.5435,0.9491283992397684
9.75998406532779,0.3983666965441689,8.95,0.2995,-0.8099840653277912
-10.333894778559683,0.1981571386109184,-0.8,1.0413,9.533894778559684
53.512926781135974,0.0986777185711466,55.1,1.6072,1.5870732188640275
82.49077674743565,0.0997108385681523,101.05,5.4708,18.55922325256435
4.2641902776461675,1.421396759215389,7.665,3.0046,3.4008097223538325
19.01310563939779,0.3971405877680699,18.75,0.7851,-0.2631056393977893
3.715437788013962,0.1920122887864823,2.95,0.8993,-0.765437788013962
-1.2000396707320509,0.5950609937518596,1.45,1.3161,2.650039670732051
-8.530298609088682,0.0972668028401906,-4.0,0.7142,4.530298609088682
7.731256085688734,0.2921129503407985,7.9,0.3415,0.1687439143112667
9.282989337772904,0.0,8.4,0.3539,-0.8829893377729032
25.09214354994699,0.5819592628516004,24.1,1.3428,-0.992143549946988
-1.8073466197719272,0.0,-2.5,1.1205,-0.6926533802280728
9.491726939464725,0.1981571386109184,8.55,0.3697,-0.941726939464724
-3.599726107796431,0.7825491538687275,-2.7,0.7581,0.8997261077964307
11.489776046740907,0.0973709834469328,11.0,0.3914,-0.4897760467409071
2.60946051602644,0.8795934323690382,-3.8,1.2256,-6.40946051602644
7.346180181944671,0.0,6.545,0.3587,-0.8011801819446713
29.337011131907044,0.1970249236528421,29.005,0.8529,-0.3320111319070449
-0.4505828190803476,0.783622294054266,-1.05,0.8896,-0.5994171809196525
16.31390741277412,0.1932927418575432,16.1,0.495,-0.2139074127741196
2.9332304129617883,0.7719027402547279,1.1,1.0191,-1.833230412961788
-8.68919052809281,0.4953928465272961,1.45,1.1127,10.13919052809281
36.28953054409457,0.0,10.4,2.3854,-25.88953054409457
-3.455744806539369,0.0984542679925174,-0.6,0.8264,2.855744806539369
16.42935377875137,0.6970028875833914,16.85,1.6542,0.4206462212486315
-6.330493362392924,0.4953437685753913,-3.5,1.193,2.8304933623929243
36.15544760583044,0.8922375334589076,34.9,0.905,-1.2554476058304402
1.4019143381969348,0.3867349898482065,1.1,0.8575,-0.3019143381969347
5.492554974854264,0.1972192091509713,3.6,0.6224,-1.892554974854264
-5.1178781925335235,0.1964636542239685,-0.8,0.6071,4.317878192533524
-3.4143920595556607,0.3970223325062034,-1.5,0.6246,1.9143920595556607
2.6777020447906525,0.0973709834469328,2.3,2.6671,-0.3777020447906527
17.439272234592153,0.8709958385754378,18.0,1.4435,0.5607277654078473
4.864077669897826,3.3980582524271843,5.09,0.8987,0.2259223301021737
7.863942879809889,0.4958349861166204,6.75,0.4444,-1.1139428798098887
14.011553901894592,0.1958288455889552,13.6,0.3045,-0.4115539018945924
56.50613221657021,0.0997108385681523,64.35,2.0138,7.843867783429786
59.707869634343986,0.9936406995230525,60.9,1.5429,1.1921303656560127
-1.8412079883092236,0.8767657087189479,-3.1,0.7142,-1.2587920116907765
19.321460551187197,0.5969555268132524,17.45,0.6915,-1.871460551187198
6.300793574915176,0.382445740510565,5.9,0.6578,-0.4007935749151761
42.056167510169075,0.8931229532598988,43.65,1.2058,1.5938324898309233
5.637374426995841,0.1950648590656393,6.4,0.593,0.7626255730041596
10.785778308935113,0.3983666965441689,10.25,0.3602,-0.5357783089351127
-3.130920331039404,0.0997108385681523,-2.35,0.8385,0.780920331039404
44.039702233246,0.3970223325062034,44.15,1.2491,0.1102977667540017
19.475878499101988,0.3970617431010522,17.35,0.6361,-2.1258784991019866
11.446804267627083,0.4985541928407618,11.3,0.2567,-0.1468042676270826
22.96902396258959,0.0974089226573154,27.5,1.0172,4.5309760374104115
29.903376830365648,0.3984460603645781,32.9,1.1256,2.9966231696343506
31.06226377561488,0.3978516013526954,29.5,1.119,-1.5622637756148805
1.2777668566963931,0.7863180656575585,0.9,0.7657,-0.3777668566963931
-9.73890598630492,0.3971011615208974,-3.4,0.8128,6.338905986304919
-5.62745098039016,0.392156862745098,-2.5,1.1492,3.12745098039016
-2.76122367898176,0.2979737783075089,-1.6,0.8069,1.1612236789817598
7.963907414674989,0.3923107100823852,5.7,0.5155,-2.263907414674989
93.73196696845996,0.5969555268132524,88.0,3.7113,-5.7319669684599575
39.19158143194193,2.1636506687647525,39.8,1.1343,0.6084185680580703
4.734478719248872,1.0737992971495511,1.95,2.5284,-2.784478719248872
32.07321925984676,0.7958615200955034,35.3,1.5534,3.226780740153238
10.445086129647754,0.6970028875833914,9.4,0.3318,-1.0450861296477534
4.190737295602502,0.1958288455889552,4.24,0.3346,0.0492627043974982
62.63068804142333,0.7965747286667331,68.45,2.2148,5.8193119585766695
15.485407980939591,0.3970617431010522,14.4,0.6627,-1.085407980939591
6.1814263322861205,0.097962382445141,5.85,0.5649,-0.3314263322861208
14.79708844351033,0.0997108385681523,17.6,1.2021,2.802911556489672
11.746249632320032,1.568781253064026,11.0,0.292,-0.7462496323200316
15.295515295519618,0.099000099000099,14.35,0.6277,-0.945515295519618
12.283668191763024,0.3978516013526954,11.81,0.4009,-0.4736681917630232
2.552113773617128,0.0974089226573154,6.25,0.6521,3.697886226382872
14.41963854257104,0.1932927418575432,13.9,0.3274,-0.5196385425710393
77.70694292260389,0.3984460603645781,86.65,1.9688,8.94305707739612
7.125935752863451,1.421396759215389,9.4,0.5556,2.2740642471365495
-11.200556549390576,0.3975352812562115,-5.0,1.3502,6.200556549390576
47.0611362296023,0.2948692746215844,49.3,1.8023,2.2388637703976997
6.577404222051603,0.8795934323690382,5.55,0.5744,-1.0274042220516035
15.950501802587295,1.2666861541459613,17.9,1.3277,1.9494981974127032
62.61801730920364,2.1636506687647525,63.95,2.6541,1.331982690796366
-1.6873889875657455,0.0986777185711466,-0.8,0.802,0.8873889875657455
20.0277200277232,0.099000099000099,19.3,0.7245,-0.7277200277231977
0.0597669090596151,0.3984460603645781,-0.75,1.028,-0.8097669090596151
6.328247261346991,0.4890453834115806,4.6,0.5687,-1.7282472613469917
4.2981552579865,0.280925180260324,3.0,0.6771,-1.2981552579865
38.388672848738665,0.4985541928407618,41.5,0.9994,3.111327151261335
-0.3879728418954212,0.1939864209505334,-1.1,2.1143,-0.712027158104579
-3.125608568645694,0.0973709834469328,-2.5,1.9007,0.6256085686456938
16.326733658345926,0.5969555268132524,14.5,0.7573,-1.8267336583459264
85.72704714639735,0.3970223325062034,84.8,2.2227,-0.9270471463973564
1.7766497461926094,1.0737992971495511,-2.8,1.702,-4.57664974619261
12.414409050314614,0.8931229532598988,22.3,0.8077,9.885590949685389
8.46545019444136,0.4985541928407618,7.765,0.1944,-0.7004501944413599
20.42771434101082,2.806270563189471,21.7,1.8818,1.2722856589891798
6.940874035990548,1.1425307055127103,5.4,1.1075,-1.540874035990548
5.6092271293326625,0.5914826498422713,3.8,0.4853,-1.8092271293326627
22.804135665287298,0.0,19.4,0.9877,-3.404135665287299
10.34414945919056,0.4916420845624386,9.25,0.4808,-1.0941494591905592
3.877429591428219,0.4958349861166204,2.9,0.6763,-0.9774295914282192
0.987128617056106,0.8709958385754378,-2.0,0.8863,-2.987128617056106
24.93697886368156,0.2908667830133798,27.52,1.0327,2.5830211363184397
11.019039163458867,0.8878366380585972,12.0,0.4941,0.9809608365411328
66.79928386712103,0.3978516013526954,64.4,2.3772,-2.399283867121028
5.700898086681479,1.0737992971495511,5.7,1.3288,-0.0008980866814791
17.108294930875296,0.1920122887864823,17.6,1.1273,0.4917050691247056
28.38342172461349,0.0,27.5,1.934,-0.8834217246134912
-8.069835111541911,0.0969932104752667,-2.3,1.6685,5.769835111541911
43.731006764043315,0.0,40.25,2.5697,-3.4810067640433147
-3.1271785678711463,0.3983666965441689,-0.75,0.7254,2.3771785678711463
21.499557217355648,0.4919807143559973,18.85,1.4168,-2.649557217355646
0.2084781097976043,0.3971011615208974,2.05,0.9512,1.8415218902023955
20.98802098802531,0.099000099000099,20.8,0.8731,-0.1880209880253076
15.989425242339903,0.1958288455889552,15.6,0.537,-0.3894252423399038
28.308274419994316,0.6970028875833914,33.25,1.5941,4.941725580005684
-0.9893307468516728,0.5819592628516004,-3.3,1.4954,-2.310669253148327
-5.150256063382424,0.0,-2.2,1.9471,2.950256063382424
52.70456333595966,2.1636506687647525,54.45,1.5728,1.7454366640403407
43.72179713556965,0.6866784382970373,50.995,1.6899,7.2732028644303455
-2.533359118161496,1.1603171533552503,-2.55,1.3371,-0.0166408818385037
3.160422670509965,1.921229586935639,3.7,0.6709,0.5395773294900352
16.309736268091502,0.297441998810232,21.0,3.2369,4.690263731908498
25.49269536229042,1.568781253064026,22.3,0.8214,-3.1926953622904186
-6.7018366549439055,0.0,-5.65,1.565,1.051836654943905
2.7686485409808146,0.3983666965441689,3.9,0.8098,1.131351459019185
6.287011448877436,0.1973943939992104,5.55,0.4143,-0.7370114488774364
4.368358913808591,1.180637544273908,1.45,0.7243,-2.918358913808591
-9.871501145528654,0.3984460603645781,-5.95,1.1753,3.921501145528654
-8.272240935207593,0.4953437685753913,-4.65,1.087,3.622240935207593
5.696202531644153,0.0973709834469328,5.1,0.8042,-0.5962025316441535
-2.170923379173995,0.1964636542239685,-1.4,0.8027,0.7709233791739951
33.98328690808147,0.7958615200955034,35.625,1.9231,1.6417130919185323
-5.8435159637369845,0.1970831690973591,-4.25,1.3946,1.5935159637369845
4.8889329631101655,0.4958349861166204,3.5,0.9355,-1.3889329631101657
25.039745627985265,0.9936406995230525,22.55,1.7906,-2.4897456279852648
-3.272939801286365,0.0974089226573154,1.55,1.146,4.822939801286365
-1.0125835627200508,1.2780180888714117,-4.6,1.1354,-3.587416437279949
-1.535546913943162,0.4985541928407618,-0.9,0.7347,0.6355469139431619
-1.795402979184876,0.8878366380585972,-4.0,1.0926,-2.204597020815124
19.916690884430565,0.2906131938390003,25.65,2.1541,5.733309115569433
-8.476405376238024,1.962130874129304,-1.5,1.1722,6.976405376238024
17.90018926187983,0.3984460603645781,18.3,1.0259,0.3998107381201699
16.72408701643662,0.8859139679102274,25.9,1.152,9.17591298356338
19.96492253726782,1.2666861541459613,18.45,1.2853,-1.5149225372678217
8.549172346639569,0.0973709834469328,8.2,0.3185,-0.3491723466395697
-0.7896003851706394,1.2518054886856045,0.1,1.1129,0.8896003851706393
-2.0684322443450784,0.4832785617630002,-3.75,0.7933,-1.6815677556549216
29.440885264998784,0.7765482430596001,22.1,0.751,-7.340885264998782
-3.408640507327638,0.1981767736821244,-4.55,1.2662,-1.141359492672362
25.44561133057471,0.1926967915984198,21.985,1.5916,-3.460611330574711
19.04809220985518,0.9936406995230525,17.1,1.0036,-1.9480922098551792
23.17335945152154,0.2938295788442703,18.25,1.0897,-4.9233594515215415
4.348677766890355,0.0,4.75,1.5056,0.4013222331096449
14.602283723627352,2.806270563189471,16.25,0.656,1.6477162763726485
-3.3224884156515264,0.1971803214039239,-2.6,0.9735,0.7224884156515263
37.36165121148785,0.4985541928407618,40.295,1.116,2.9333487885121485
18.2668391204861,0.5969555268132524,16.35,0.5288,-1.9168391204860988
-9.334120192785718,0.2950722927117143,-4.35,1.0666,4.984120192785719
17.99483306836306,0.9936406995230525,17.1,0.7167,-0.8948330683630594
1.2813046010480575,0.7765482430596001,-0.2,1.5992,-1.4813046010480575
16.502732240437737,0.1987083954297069,17.95,0.7938,1.447267759562262
0.208581644814389,0.2979737783075089,-0.75,0.9767,-0.958581644814389
-5.029182879375733,0.5836575875486381,-5.55,0.639,-0.5208171206242671
0.2884424109815726,0.3978516013526954,-0.05,1.4816,-0.3384424109815726
21.995487098987788,1.962130874129304,21.55,0.8447,-0.4454870989877868
9.414266383141277,0.4832785617630002,8.25,0.4087,-1.1642663831412765
16.41936743459558,1.0737992971495511,13.925,2.1522,-2.4943674345955777
17.937922255948013,0.1958288455889552,16.4,0.6562,-1.5379222559480148
14.24592120970922,0.7958615200955034,10.9,0.7831,-3.3459212097092195
8.574199806010192,0.5819592628516004,8.6,0.3989,0.0258001939898075
11.554766834271089,0.1971803214039239,11.5,0.2999,-0.0547668342710885
9.402546523015229,0.0,7.85,0.4673,-1.5525465230152289
23.046344774097413,0.2908667830133798,27.87,0.6373,4.823655225902588
12.176756167641804,0.4953928465272961,10.9,0.93,-1.276756167641803
6.480103205317888,0.8931229532598988,7.0,0.6045,0.5198967946821123
-9.37840785168943,0.8922375334589076,-2.15,1.0069,7.228407851689429
18.60557373797683,0.5950609937518596,14.6,1.1134,-4.00557373797683
-2.9750099166997224,0.4958349861166204,-5.7,1.0911,-2.724990083300278
-2.387556964529638,0.4953437685753913,-0.675,0.5737,1.712556964529638
20.402270237981917,0.6970028875833914,21.85,1.0377,1.447729762018085
4.42313337900389,0.4892846658185732,2.6,0.7599,-1.8231333790038895
1.731517509726494,0.5836575875486381,3.35,1.0705,1.618482490273506
-10.691573926870069,0.9936406995230525,-2.3,1.1719,8.39157392687007
21.7475540056157,0.2906131938390003,23.5,1.1258,1.7524459943842992
4.587155963307013,0.3903962521959789,3.1,0.6812,-1.4871559633070128
40.593670139574314,0.7863180656575585,38.6,1.2311,-1.9936701395743128
-7.688550214930265,0.0,-4.275,1.8929,3.413550214930265
4.75121951219058,0.7804878048780489,3.2,0.5128,-1.5512195121905794
11.08391266033458,0.1958288455889552,11.0,0.3107,-0.0839126603345796
2.780468901371191,0.5812826971517148,-3.2,0.8442,-5.980468901371191
-5.266731328807266,0.1939864209505334,-7.5,0.8289,-2.233268671192734
91.61527750149251,0.3978516013526954,86.4,1.962,-5.215277501492508
59.8189415041829,0.7958615200955034,56.8,3.3404,-3.018941504182905
50.57877182656236,0.6866784382970373,59.0,1.1931,8.42122817343764
12.519592476487889,0.4898119122257053,12.0,0.3979,-0.5195924764878885
-2.0702576112404003,1.124121779859485,-1.95,0.9997,0.1202576112404003
5.433055224474736,0.4966229638458482,5.55,0.5088,0.1169447755252637
69.82295603740239,0.3978516013526954,68.25,1.9532,-1.572956037402392
1.971885982042244,0.3904724716907458,1.0,0.5085,-0.971885982042244
6.516809622400259,0.1971803214039239,6.445,0.3706,-0.0718096224002584
0.8166517279152564,0.3983666965441689,1.2,0.8484,0.3833482720847435
11.112207638411167,0.3947498272969505,12.405,0.4494,1.2927923615888322
-3.3171677982524286,0.1939864209505334,-5.4,1.5139,-2.082832201747572
19.456337747685826,0.6970028875833914,21.0,0.9329,1.5436622523141743
2.6351880877765756,0.4898119122257053,0.2,0.8156,-2.4351880877765755
22.492371296386008,0.6890441972635101,22.95,0.9857,0.4576287036139916
-5.6802786916998445,2.806270563189471,-3.35,1.3864,2.3302786916998444
8.109986102837258,1.0919197935278937,8.95,0.3281,0.8400138971627413
9.09601873536218,1.124121779859485,7.85,0.3218,-1.2460187353621812
0.926017141163484,0.2955373854792631,0.6,0.8705,-0.326017141163484
2.2128659551571888,0.1958288455889552,0.15,1.0107,-2.062865955157189
5.9002086890544145,0.4742933029785619,5.75,0.3655,-0.1502086890544145
60.918065153010005,0.493583415597236,55.65,1.9379,-5.268065153010006
-0.9784925402073602,0.5812826971517148,-5.2,1.0755,-4.22150745979264
-6.850796147042622,0.2948692746215844,-6.65,1.0846,0.200796147042622
8.885394141931268,0.2948692746215844,8.4,0.312,-0.4853941419312679
12.25168803210106,0.4892846658185732,11.7,0.3254,-0.55168803210106
58.803656597774534,0.9936406995230525,60.45,1.3555,1.6463434022254688
7.738273080367293,0.3983666965441689,7.4,0.2716,-0.3382730803672924
-6.772830040302189,0.2948982601002654,-1.2,0.9279,5.572830040302189
21.736579642126923,0.1955607705094358,23.0,1.3427,1.263420357873077
68.9877818615321,0.09933445912387,66.8,2.4566,-2.187781861532102
62.334714821398784,0.0986777185711466,59.0,1.9586,-3.3347148213987836
18.06215360253365,0.3958828186856691,16.0,0.5992,-2.062153602533652
22.294887039239,0.1981767736821244,24.75,1.9114,2.4551129607609994
0.8193484698931356,0.493583415597236,2.9,0.7286,2.080651530106864
91.6228287841168,0.3970223325062034,86.25,2.1366,-5.372828784116805
-3.4214924786116665,0.4915937469275391,-1.3,0.6468,2.1214924786116667
76.05145967342756,0.1979218208807521,70.8,5.0032,-5.251459673427561
18.054735184087917,0.6891120299271509,22.2,0.8371,4.145264815912082
4.253253058843834,0.5826374053214216,4.8,0.6567,0.5467469411561661
38.54621182070145,0.4958349861166204,38.55,1.39,0.0037881792985459
16.840667382185618,0.3902819787296322,17.1,0.9037,0.2593326178143833
58.5103200717921,0.0997108385681523,67.9,1.5811,9.389679928207904
12.480453479277555,0.8795934323690382,14.3,0.6544,1.8195465207224455
2.803553800596035,0.493583415597236,3.8,0.4865,0.9964461994039646
-2.34475906607112,0.1987083954297069,-3.7,0.8292,-1.3552409339288802
-11.67682327501932,0.2948692746215844,-8.85,0.667,2.8268232750193203
-7.856450048495194,0.5819592628516004,-1.25,1.6883,6.606450048495194
-0.9189723320160978,0.4940711462450592,-0.525,0.9843,0.3939723320160978
2.3661638568485213,0.1971803214039239,1.0,1.9858,-1.3661638568485213
6.501240694784748,0.3970223325062034,2.2,0.9405,-4.301240694784748
2.301417751022159,0.5826374053214216,2.9,0.7091,0.598582248977841
19.246615656263824,0.6866784382970373,18.0,1.438,-1.246615656263824
3.337271116360915,0.6891120299271509,0.3,1.4644,-3.037271116360915
18.821348424237364,0.3902819787296322,18.95,1.2074,0.1286515757626354
37.37844810478096,0.5953562214725143,38.45,1.4016,1.071551895219045
