filename,true_age,z_true,full_logz,full_logzerr,full_ncall,full_eff,full_chi2,full_ndof,full_age,full_age_err,full_t0_mean,full_t0_std,full_t0_median,full_x1_mean,full_x1_std,full_x1_median,full_x1_q16,full_x1_q84,full_c_mean,full_c_std,full_c_median,full_c_q16,full_c_q84,full_x0_mean,full_x0_std,full_x0_median,full_log10_x0_mean,full_log10_x0_std,nuis_logz,nuis_logzerr,nuis_ncall,nuis_eff,nuis_chi2,nuis_ndof,nuis_age,nuis_age_err,nuis_t0_mean,nuis_t0_std,nuis_t0_median,nuis_x1_mean,nuis_x1_std,nuis_x1_median,nuis_x1_q16,nuis_x1_q84,nuis_c_mean,nuis_c_std,nuis_c_median,nuis_c_q16,nuis_c_q84,nuis_x0_mean,nuis_x0_std,nuis_x0_median,Filename,SNR,Subtype,full_res,nuis_res,abs_nuis_res
sn1999dq-19991031.33-fast.flm,46.330000000001746,0.0141,-29156.380837143497,0.6260491248657815,[1 1 1 ... 1 1 1],2.9545356231344897,58251.161479492235,2544,-6.438017430913203,0.0292620079205408,6.438017430913203,0.0292620079205408,6.439427171081846,1.93716624493298,0.0142265851449721,1.9377498473600383,1.9231648347108752,1.9512495959044855,0.8741339448916978,0.0014263059077763,0.8740426132012344,0.8727706773142154,0.875557174037715,0.0028999538420474,9.94507943639766e-06,0.0029000221054119,-2.5376114689324227,0.0014895879975361,-29145.275528277947,0.4981314143184157,[1 1 1 ... 1 1 1],3.698535662159778,58251.15477427687,2545,-6.4345528400224685,0.0298108615447919,6.4345528400224685,0.0298108615447919,6.434124204111981,1.9363024910672777,0.015156142323199,1.9362983549223864,1.9217314173229856,1.9523019285348304,0.8741018450800858,0.0015062862322156,0.8740741374963155,0.8726850732171139,0.8756182062787414,0.0028996201258026,9.791730976050788e-06,0.0028995393319138,sn1999dq-19991031.33-fast.flm,72.63,91T,-52.76801743091495,-52.764552840024216,52.764552840024216
sn2005eu-20051125.23-fast.flm,39.53000000000611,0.0349,-5069.982801694274,0.5489237912502053,[1 1 1 ... 1 1 1],2.9760936737680925,10091.860163231004,2657,-10.516324625625568,0.2157769314163677,10.516324625625568,0.2157769314163677,10.516761122147926,1.2537857273628257,0.0389509991515165,1.2545764206442769,1.2171554250366727,1.2925759987619436,0.7208280697420214,0.0047795363814377,0.7209793845180954,0.7162136089543161,0.7253083352191689,0.0011230190861559,4.509999104188137e-05,0.0011223422945876,-2.949960165311519,0.0173363693392349,-5062.0175065574185,0.4517231531784609,[1 1 1 ... 1 1 1],3.965682378594282,10091.794867979092,2658,-10.507508765692744,0.2215378663660983,10.507508765692744,0.2215378663660983,10.51286053591472,1.2481207713671894,0.0400474467226103,1.249461599621752,1.2049755936383502,1.2853060251154125,0.7209611969094392,0.0047340601833889,0.7209824562364195,0.7164917206590671,0.7255780787414674,0.0011224614381392,4.767349832230989e-05,0.0011226032097734,sn2005eu-20051125.23-fast.flm,18.38,N,-50.04632462563168,-50.03750876569886,50.03750876569886
sn1998co-19980730.45-fast.flm,36.94999999999709,0.0182,-3687.17454978644,0.5638777572762397,[1 1 1 ... 1 1 1],3.069889659150386,7323.533256832607,2544,-7.1574725179731296,0.0995153731207362,7.1574725179731296,0.0995153731207362,7.158304242510027,2.210880786863492,0.0438043948547395,2.211732635205274,2.164581626976652,2.256474684648092,0.7141819246207122,0.0041228991162077,0.7141285569192659,0.7101190778877413,0.7184714754745113,0.003516202195677,4.14539981996846e-05,0.0035165991478364,-2.4539563344770547,0.0051193729460088,-3677.398649513216,0.4421417421812146,[1 1 2 ... 1 1 1],3.86517677230262,7323.507767060119,2545,-7.165947594292827,0.1009825459114864,7.165947594292827,0.1009825459114864,7.170307339264056,2.210090180513715,0.043334072379872,2.2095400684651985,2.1653868644550296,2.2537799834300216,0.714086262632228,0.0038624578576279,0.7141015838010834,0.7102253903595157,0.7177295626200624,0.0035184492331661,4.06531798740882e-05,0.0035177360292406,sn1998co-19980730.45-fast.flm,26.4,N,-44.10747251797022,-44.11594759428991,44.11594759428991
sn1999dq-19991018.49-fast.flm,33.48999999999796,0.0141,-45413.386678544826,0.6272974375684429,[1 1 1 ... 1 1 1],2.9968399486057575,90766.00774859548,2544,-8.401046452743264,0.0171640179627463,8.401046452743264,0.0171640179627463,8.403592869244328,1.4099601954585366,0.0100133131115417,1.4096547010292897,1.4001217879027603,1.4206923203688682,0.8457139618474838,0.0008003189939503,0.845689655575705,0.8449070003767866,0.8464901714870008,0.0099801825316065,1.9481585620424196e-05,0.0099859654694396,-2.000862344919094,0.0008491741203159,-45397.208828502015,0.4994950927452491,[1 1 1 ... 1 1 1],3.7289397446064703,90755.03902286883,2545,-8.55911128268788,0.0507766808954152,8.55911128268788,0.0507766808954152,8.55731753283748,1.3774727187256672,0.0142914225540608,1.3775987699997383,1.3631082872335425,1.3919942582677312,0.8413000519767319,0.0015758920368172,0.8412419334763408,0.8397691427591072,0.8428005099144085,0.0102460968207716,8.878655341170851e-05,0.0102416339339266,sn1999dq-19991018.49-fast.flm,84.22,91T,-41.89104645274123,-42.04911128268584,42.04911128268584
sn2002do-20020718.29-fast.flm,30.889999999999414,0.0159,-4128.678245849337,0.558750193867326,[1 1 1 ... 1 1 1],2.9972926304120744,8207.802516630123,2544,-9.350178800793188,0.1556599327642968,9.350178800793188,0.1556599327642968,9.352423734281494,1.4829448864185284,0.0428860041128735,1.4847438738025345,1.441472534611429,1.523009023283492,1.005872144741898,0.0050223489606603,1.0059813129314858,1.0008782370333549,1.010808766524435,0.0017032958666816,4.763938094847301e-05,0.0017014944090203,-2.7688791447973213,0.0121146055687558,-4119.386607110955,0.441044275970745,[1 1 1 ... 1 1 1],3.9137479745731025,8207.787748797393,2545,-9.359112864215872,0.155261029442056,9.359112864215872,0.155261029442056,9.360217412950732,1.4818764582949755,0.0409508125019749,1.4818313706415869,1.4438084363328083,1.521850999289489,1.005469535449593,0.0050739481639675,1.005447680030367,1.0003766643154393,1.0106100509279208,0.0017072933630597,4.827122336982172e-05,0.0017063813762481,sn2002do-20020718.29-fast.flm,20.47,N,-40.240178800792606,-40.24911286421528,40.24911286421528
sn2006cf-20060618.19-fast.flm,31.790000000000873,0.0416,-7275.773463239454,0.5659323355713308,[1 1 1 ... 1 1 1],2.9709189768093256,14500.533364425446,2653,-7.94451307489523,0.1049217259456101,7.94451307489523,0.1049217259456101,7.946534363217424,1.83344768964344,0.0313246717709779,1.8334415987012005,1.8008256273617835,1.86555227100566,0.9599521540741196,0.0038264529502822,0.9600218398233448,0.9561033409501823,0.9637424351034052,0.0009468379097558,1.352311727446592e-05,0.0009466714707245,-3.0237686079899033,0.0061977521551042,-7266.957672143648,0.4600890635458046,[1 1 1 ... 1 1 1],3.9162041741577425,14500.537951046972,2654,-7.950603011580605,0.0984388528401945,7.950603011580605,0.0984388528401945,7.948298698863688,1.8334432587164124,0.0311869370712824,1.833556047065929,1.8028321141483925,1.8645271780971011,0.9598824939997704,0.0035455406054507,0.9598066737356304,0.9565021131524762,0.9634924548463846,0.0009466915844021,1.2388173877259154e-05,0.0009463079089367,sn2006cf-20060618.19-fast.flm,21.92,N,-39.7345130748961,-39.74060301158148,39.74060301158148
sn2002bf-20020403.21-fast.flm,29.80999999999767,0.0244,-13126.354246797868,0.5911570486580622,[1 1 1 ... 1 1 1],2.973602185708238,26197.591198734182,2544,-6.223034310762153,0.0391110503077052,6.223034310762153,0.0391110503077052,6.2235274239876475,1.9300341290919936,0.0205832817745256,1.931122941025559,1.9105493747577784,1.949825649847507,0.91585738765088,0.0020367835640869,0.9158581454388486,0.9138871632600284,0.9179430832561316,0.0019586638207824,8.618455834128594e-06,0.001958491687977,-2.708044302559319,0.0019108523812945,-13117.046390513951,0.4819569311999886,[1 1 1 ... 1 1 1],3.7787647758270966,26197.59874868823,2545,-6.222802421493872,0.0378096194068684,6.222802421493872,0.0378096194068684,6.221760114202205,1.9314723054313827,0.0196418842858207,1.9324755602872212,1.912541259067421,1.949811244738335,0.9159095510813776,0.0020788560297701,0.9159348345088428,0.9136980419265136,0.917888391271728,0.0019589443727936,8.5058493163989e-06,0.0019587502773728,sn2002bf-20020403.21-fast.flm,49.53,HV,-36.033034310759824,-36.032802421491546,36.032802421491546
sn2003ic-20031017.23-fast.flm,23.43000000000029,0.0553,-13471.815568524678,0.5918724430843886,[1 1 1 ... 1 1 1],2.942491982375501,26888.531281169937,2544,-7.882155650098765,0.0617140631797649,7.882155650098765,0.0617140631797649,7.878714828668883,2.0296447759154215,0.0233882686279906,2.028863130950926,2.0065749401349926,2.0526695934065566,0.9303080957234028,0.0023702661579652,0.9302986678562036,0.9280797400084452,0.9325011330114789,0.0009549253259987,7.573863459918952e-06,0.000954636768527,-3.020044237574294,0.0034425372071375,-13462.47412588929,0.4809528999493601,[1 1 1 ... 1 1 1],3.816550772333988,26888.556777603495,2545,-7.876837856097636,0.0596712561539648,7.876837856097636,0.0596712561539648,7.873933990761721,2.0275243024119507,0.023843751121726,2.026836734427153,2.0042780782715575,2.0504085351356007,0.930230415638848,0.0023648137482452,0.9302604176047709,0.9278678874046972,0.932546643207088,0.0009550246032238,7.0908015736650035e-06,0.000954268650818,sn2003ic-20031017.23-fast.flm,22.84,N,-31.312155650099054,-31.30683785609793,31.30683785609793
sn2002do-20020704.39-fast.flm,16.989999999997963,0.0159,-5944.206329089134,0.5818684834918024,[1 1 1 ... 1 1 1],2.9951459697594913,11835.027077764897,2544,-9.500448112682438,0.1133968551880275,9.500448112682438,0.1133968551880275,9.498203294710436,1.563842708953348,0.0294628630217877,1.5637141507508456,1.5334625007620506,1.5941252609006034,0.9000883388675982,0.0033952816956142,0.9000115100109078,0.8966446147491158,0.9034153616025238,0.0042489203349012,8.435326766496667e-05,0.0042461519079762,-2.371807015272839,0.0086238086215759,-5934.832317179151,0.4680618170635516,[1 1 1 ... 1 1 1],3.820855812578523,11835.002111983402,2545,-9.485592447604912,0.1116374179490809,9.485592447604912,0.1116374179490809,9.482666436055853,1.569232921007402,0.0307434418762083,1.5681937901670064,1.540957527287901,1.600838031414873,0.9002234967758372,0.0035022435422302,0.9004832557965081,0.8968604014202675,0.9037564310695309,0.0042389453896896,8.591954205870236e-05,0.0042362247733937,sn2002do-20020704.39-fast.flm,32.11,N,-26.4904481126804,-26.475592447602875,26.475592447602875
sn2002bf-20020321.22-fast.flm,16.81999999999971,0.0244,-18275.95706002946,0.5995470039479551,[1 1 1 ... 1 1 1],2.977635309158962,36494.36358834916,2544,-5.947990198404971,0.036911052273959,5.947990198404971,0.036911052273959,5.94770275961983,1.8204813318312096,0.0178383281409913,1.820161733545067,1.80266748306172,1.8383683296503617,0.7623299671408115,0.0017082922428615,0.7622439336095539,0.7607212725442447,0.764133112295039,0.0040040050185074,1.4892922353476091e-05,0.0040040126283331,-2.397508390865881,0.0016152961428663,-18266.15951190977,0.4919234449688694,[1 1 1 ... 1 1 1],3.723581572104807,36494.354221753274,2545,-5.948325506988009,0.0360550577970155,5.948325506988009,0.0360550577970155,5.947927045813977,1.821203246813682,0.0175964959323313,1.820770682244337,1.803720158429728,1.8395577779919403,0.7621069893741881,0.0016937336700291,0.762065579589335,0.7604224167972768,0.7638461105758649,0.0040046203262177,1.444206718062736e-05,0.0040042034711177,sn2002bf-20020321.22-fast.flm,57.93,HV,-22.76799019840468,-22.76832550698772,22.76832550698772
sn2003hu-20030930.16-fast.flm,11.060000000004948,0.075,-3592.30170575858,0.5459657791629243,[1 1 1 ... 1 1 1],3.0294876107186903,7137.250390991306,2544,-8.294679326437532,0.1896050525108799,8.294679326437532,0.1896050525108799,8.296097333166237,1.7445162420995974,0.0521080506924791,1.7445340418296782,1.6958811688195528,1.7929903810112648,0.4981548392323655,0.0042816861509717,0.4980239525032019,0.4938456585871627,0.50225901961542,0.0007563687271112,1.6077839623380993e-05,0.0007563515080389,-3.12136456138151,0.0092327882251498,-3583.6677519123796,0.4347763764704118,[1 1 1 ... 1 1 1],3.921526815225504,7137.246052331408,2545,-8.274291876913672,0.1911544051440541,8.274291876913672,0.1911544051440541,8.284308381045719,1.7458044545251077,0.0506614344294014,1.7480482687406589,1.6966056805077263,1.7977214866261235,0.4985020932025291,0.0041642548888586,0.4985014322337733,0.4942662765506003,0.5025219356705488,0.0007541934585627,1.6365556349217872e-05,0.0007541415360894,sn2003hu-20030930.16-fast.flm,14.41,91T,-19.35467932644248,-19.33429187691862,19.33429187691862
sn2002do-20020710.33-fast.flm,22.93000000000029,0.0159,-7141.45172430982,0.5631683708224827,[1 1 1 ... 1 1 1],3.032593191833606,14232.552762626874,2544,4.155384152194481,0.0780314179381184,-4.155384152194481,0.0780314179381184,-4.157353753727243,2.2397674377688905,0.0461528907774618,2.2376937433488404,2.193194685663432,2.2878055698922584,0.7946399344342036,0.0036491565398634,0.7948974459276315,0.7909803702838256,0.7984053311217537,0.0018183777763595,8.805832092514032e-06,0.0018182075538862,-2.7403209758185474,0.002102633170924,-7132.600290827558,0.4552291558766929,[1 1 1 ... 1 1 1],3.872518121651434,14232.558554606932,2545,4.157503959985501,0.0784274291662183,-4.157503959985501,0.0784274291662183,-4.156700121233566,2.240436417961644,0.0421514694791864,2.2408491557418415,2.198580369427875,2.2806115498062063,0.7947961576618154,0.0035784626605201,0.7948935790493472,0.7911870021488556,0.7985955117045753,0.0018179918265248,8.10120067731878e-06,0.0018187001911385,sn2002do-20020710.33-fast.flm,21.01,N,-18.774615847805812,-18.77249604001479,18.77249604001479
sn2002bf-20020315.22-fast.flm,10.819999999999707,0.0244,-15726.236649474147,0.6062662750755499,[1 1 1 ... 1 1 1],2.984382104843125,31394.890764032494,2544,-6.452199828388778,0.0327285147387554,6.452199828388778,0.0327285147387554,6.451198246618496,1.6975482171104606,0.0158637943876046,1.6971605683410935,1.6813750421796057,1.713041536903007,0.6900777974266484,0.0014046731369364,0.6900021575885456,0.6887691259108435,0.6915743749526574,0.0031687857525448,1.1319183533521756e-05,0.003168567376318,-2.499109893440534,0.0015510941342761,-15717.175701376857,0.4989284408567381,[1 1 1 ... 1 1 1],3.7882268014175087,31394.892817980428,2545,-6.453234364782992,0.0337495906468778,6.453234364782992,0.0337495906468778,6.450772178907961,1.6984524873774267,0.0164795304856026,1.6982993383327545,1.6823264046413635,1.7143928351687372,0.6900353144256308,0.0015066254393628,0.6900222836943857,0.6884282783783024,0.6915332479638079,0.0031692701221075,1.1420859587600524e-05,0.0031682464585381,sn2002bf-20020315.22-fast.flm,63.77,HV,-17.272199828388487,-17.2732343647827,17.2732343647827
sn2003ic-20031002.25-fast.flm,8.44999999999709,0.0553,-4205.328831374866,0.5694508070622347,[1 1 1 ... 1 1 1],3.013664570534669,8359.194697690747,2544,-7.861904512631783,0.0978044733586332,7.861904512631783,0.0978044733586332,7.856891996615651,1.8768190541679928,0.0324727705361091,1.8783078780983755,1.8459058422468004,1.9092180372920016,0.603684717040358,0.0026899458791953,0.6036824164466799,0.6010766106104457,0.606420320429978,0.0012895082307337,1.4072788500375426e-05,0.0012885887647257,-2.8896017230352844,0.0047368037163019,-4196.7532448750435,0.4654215737450795,[1 1 1 ... 1 1 1],3.880811752233833,8359.18658141356,2545,-7.855226961536573,0.0940677434657311,7.855226961536573,0.0940677434657311,7.854351376260944,1.8787770516408335,0.0351725171282819,1.878416263643228,1.84240879404517,1.9132128858598332,0.6039583336888307,0.0028051721009841,0.6039077231110812,0.6014089966287668,0.6068300626174157,0.0012874086443412,1.3512201687564248e-05,0.0012862969394969,sn2003ic-20031002.25-fast.flm,24.33,N,-16.31190451262887,-16.305226961533663,16.305226961533663
sn2005eu-20051027.36-fast.flm,10.660000000003492,0.0349,-9264.565737326397,0.5941247156917345,[1 1 1 ... 1 1 1],2.918769730996805,18474.058413303144,2657,-5.359203000446582,0.0625348275028721,5.359203000446582,0.0625348275028721,5.358204675202074,1.1953745327083802,0.0209305936362829,1.1960801596376012,1.175189642753527,1.2155328565512562,0.2739030502247208,0.0013801903318282,0.2739459694606583,0.2725732253335762,0.2751219869562864,0.0017849976531807,7.537566285429628e-06,0.0017848948410077,-2.7483662214029043,0.0018334912792666,-9255.852436179995,0.4913083213810786,[1 1 1 ... 1 1 1],3.7721415700540577,18474.03103983975,2658,-5.357873428042816,0.063614934382628,5.357873428042816,0.063614934382628,5.358103295088043,1.194031059250881,0.0202855977121055,1.1944628884832635,1.1745687439683632,1.213399080786533,0.274100534846228,0.0014548178079685,0.2741923217670505,0.2728112398992912,0.2754283632892269,0.0017845841239599,7.608124170349042e-06,0.0017842658207431,sn2005eu-20051027.36-fast.flm,43.61,N,-16.019203000450077,-16.017873428046308,16.017873428046308
sn2001fh-20011118.07-fast.flm,7.269999999996799,0.0123,-6870.823705985617,0.5894043300069982,[1 1 1 ... 1 1 1],2.985233290811396,13686.618386807082,2544,-7.708095279336122,0.0664458922171975,7.708095279336122,0.0664458922171975,7.704670800008607,1.588425715521164,0.0206940322625913,1.588574436054354,1.567233615141586,1.6089124279641511,1.0270760309862648,0.0023886982470092,1.027202506775819,1.0245674686157216,1.0293103474036005,0.0026697718191027,2.3910329489311767e-05,0.0026687514627598,-2.57354324319781,0.0038846286478058,-6861.648970038634,0.4833964846538725,[1 1 1 ... 1 1 1],3.8097745020619462,13686.60402028881,2545,-7.717199729310837,0.0649424109771188,7.717199729310837,0.0649424109771188,7.714944737726462,1.5874498975155242,0.0210875073505204,1.5876340074417818,1.5655027877074232,1.6081881175635306,1.0269238084015229,0.0022504838443124,1.0269220936661458,1.0246352324833108,1.0292225717092602,0.0026729832648103,2.2324058344899186e-05,0.0026741256524365,sn2001fh-20011118.07-fast.flm,57.11,N,-14.97809527933292,-14.987199729307637,14.987199729307637
sn2003ic-20031001.32-fast.flm,7.519999999996799,0.0553,-7186.229764384366,0.585206463201093,[1 1 1 ... 1 1 1],2.997873362145846,14317.95417881638,2544,-7.1761538496371955,0.0717246722107628,7.1761538496371955,0.0717246722107628,7.17793141621253,1.514872263894585,0.0216468916149676,1.5146730664290686,1.494283206883833,1.5359636262131122,0.5725816886081254,0.0019218654583485,0.5723902077633007,0.5706806679541229,0.574679528133192,0.0018485631023106,1.3699068682246226e-05,0.0018480463811337,-2.733177639703158,0.0032173428011389,-7177.3719925355135,0.4833477097136076,[1 1 1 ... 1 1 1],3.858977087323544,14317.94735859209,2545,-7.1768866663234245,0.0711562935465828,7.1768866663234245,0.0711562935465828,7.174010128743053,1.5156113484682443,0.0213523248112357,1.5157779101377358,1.4946261302674424,1.535985018502073,0.5727221439443495,0.0017478227223941,0.5726785915866457,0.5710751088800041,0.57434180367621,0.0018483282093676,1.2849467259115896e-05,0.0018480790399534,sn2003ic-20031001.32-fast.flm,31.05,N,-14.696153849633994,-14.696886666320223,14.696886666320223
sn2001fh-20011120.08-fast.flm,9.279999999998836,0.0123,-9063.28578249039,0.5890841981462166,[1 1 2 ... 1 1 1],2.9776003248291265,18071.652763070502,2544,-5.39061641919031,0.0585760812912086,5.39061641919031,0.0585760812912086,5.391605991762312,1.3797323130555932,0.023205403929604,1.378415128902064,1.357358757045656,1.4031823631271445,0.9312777522051512,0.0024790869868652,0.9313018391094274,0.9286942492664902,0.9338220326994776,0.0016029392177933,8.691191243365525e-06,0.0016027784665747,-2.7950893298758226,0.0023549440460716,-9053.56487211673,0.4741936332407531,[1 1 1 ... 1 1 1],3.7473347547974414,18071.651278743204,2545,-5.393971396628127,0.0616877162367722,5.393971396628127,0.0616877162367722,5.390268540550494,1.380082252744607,0.0232633431272553,1.380378105385513,1.3562668864444252,1.4042617367573094,0.9313043670967324,0.0024632301376868,0.93118241708977,0.928819277169008,0.9338867581155276,0.0016029804033129,9.037705747813182e-06,0.0016028054271316,sn2001fh-20011120.08-fast.flm,48.42,N,-14.670616419189145,-14.673971396626964,14.673971396626964
sn2006cj-20060529.26-fast.flm,5.760000000002037,0.0675,-5032.889707586018,0.5663770427234294,[1 1 1 ... 1 1 1],3.019198847442764,10014.653082279234,2654,-8.90239096222566,0.1481938362897902,8.90239096222566,0.1481938362897902,8.902974903638025,1.229573814666073,0.0303197736867297,1.229207670806618,1.199634871710639,1.2600760739968102,0.4589143398628549,0.0029619449594506,0.4588653836055291,0.455798229025623,0.461815134310461,0.0012738217749789,2.4412997764677025e-05,0.0012732759602404,-2.894970964925607,0.0083139067083909,-5023.181310203161,0.4482517065474752,[1 1 1 ... 1 1 1],3.865045494806345,10014.629444941616,2655,-8.890238375881177,0.1458724201201686,8.890238375881177,0.1458724201201686,8.886236815248157,1.226304475138764,0.0307627156118162,1.2273619063709704,1.193909074130369,1.2557689695113643,0.4588141013355213,0.0027540057245373,0.4588201723003923,0.4562911750860059,0.461464023086184,0.0012713996625886,2.313533642420231e-05,0.001271272700439,sn2006cj-20060529.26-fast.flm,19.97,N,-14.662390962227695,-14.650238375883214,14.650238375883214
sn2002de-20020614.19-fast.flm,5.690000000002328,0.028,-3309.8121148997607,0.5393434135916676,[1 1 1 ... 1 1 1],2.962987449450707,6572.538023330661,2557,-8.42068465765909,0.2007784521222202,8.42068465765909,0.2007784521222202,8.412986777842463,0.8327201387309744,0.0489229557882425,0.8360243147753996,0.7835250730322407,0.8786127239155661,0.914624763252408,0.0057713097997161,0.9145477603539276,0.9090102473575454,0.9204418736293288,0.0011438536975715,3.42328786623208e-05,0.0011421124299571,-2.9418229521264965,0.0129461480688354,-3300.971085381143,0.4292368363832864,[1 1 1 ... 1 1 1],3.9156561164500943,6572.518096708721,2558,-8.42133866430676,0.2000271861103627,8.42133866430676,0.2000271861103627,8.412699425061788,0.8318849860490077,0.0487066314006026,0.8291766387668007,0.7863388795927655,0.8808596481796425,0.914388099564838,0.0055584249360385,0.9145795975476672,0.9089294711610778,0.9196541544139548,0.0011456875330049,3.4029620191886544e-05,0.0011455875310409,sn2002de-20020614.19-fast.flm,15.04,N,-14.110684657661418,-14.111338664309088,14.111338664309088
sn2003hu-20030928.12-fast.flm,9.020000000004076,0.075,-3564.2907180585316,0.5587724115118972,[1 1 1 ... 1 1 1],2.951784062444784,7078.540371085906,2544,-4.738777193789296,0.1536143955387176,4.738777193789296,0.1536143955387176,4.737482260740862,1.338844054396848,0.0555297332107555,1.3412640611946092,1.2856287793793229,1.391421827092091,0.3659379974988556,0.0037367189455933,0.3660856883948167,0.3623197566029765,0.3697629355592889,0.000655039701028,4.699080213409566e-06,0.000654785229389,-3.183743542534679,0.0031135197711936,-3555.0073097552736,0.4437253315855149,[1 1 1 ... 1 1 1],3.882625859753368,7078.553828039647,2545,-4.741507018145229,0.1570074577955975,4.741507018145229,0.1570074577955975,4.738552509866434,1.338015824941434,0.0566611951165633,1.3379347753795816,1.2832404661849512,1.3936729881028391,0.365590664633392,0.0040301995936899,0.3654080435675801,0.3616532704409034,0.3693456462215125,0.0006553743426976,4.4275481268250065e-06,0.000655530952584,sn2003hu-20030928.12-fast.flm,11.37,91T,-13.758777193793373,-13.761507018149306,13.761507018149306
sn2003hu-20030927.14-fast.flm,8.040000000000873,0.075,-2528.8238981187437,0.5497287600988691,[1 1 1 ... 1 1 1],3.0510363271673726,5009.721472277219,2544,-5.29751108783649,0.1918932717712536,5.29751108783649,0.1918932717712536,5.298784255465797,1.1581906852900372,0.0491694820082625,1.1557986672059748,1.1108679769698775,1.2069590964765506,0.3793639645543238,0.0034679867939096,0.379157987219944,0.3759579179824608,0.3830852509422959,0.0007435124117102,7.9424130718671e-06,0.0007430909128056,-3.128736465108759,0.0046265488280881,-2519.969353648142,0.4363064833003192,[1 1 1 ... 1 1 1],3.9448740068587984,5009.625354860873,2545,-5.279892891111824,0.1814570983651903,5.279892891111824,0.1814570983651903,5.273052131049809,1.1561002067967765,0.0480418950540945,1.1541494766124911,1.1098994675309046,1.2040238551368887,0.3793314892061347,0.0037862085610749,0.3792644248631478,0.3755810920676823,0.3831420122234605,0.000743005561766,7.400332658651128e-06,0.0007423940083877,sn2003hu-20030927.14-fast.flm,16.17,91T,-13.337511087837363,-13.319892891112698,13.319892891112698
sn2005eu-20051025.29-fast.flm,8.590000000003783,0.0349,-6236.9453184237955,0.6041949960146537,[1 1 1 ... 1 1 1],2.9441447392564863,12416.511144474458,2657,-4.6474094277638125,0.0504760357573028,4.6474094277638125,0.0504760357573028,4.646745063374723,1.1689389180257304,0.0223245917620758,1.1700716339442732,1.1456637457497534,1.1900750237791249,0.2319628461822638,0.0015010550808112,0.231956065066667,0.2304826517508664,0.2334394559181849,0.0039136552826276,1.0489548277315492e-05,0.0039130632400401,-2.407418989656656,0.0011639005945078,-6226.339210947848,0.4804130097512033,[1 1 1 ... 1 1 1],3.721705318705735,12416.497586200623,2658,-4.647921853930546,0.0554193464925722,4.647921853930546,0.0554193464925722,4.648004312035951,1.1680501334655162,0.0220554108758026,1.1677413339536915,1.1463606247873734,1.1891957835666958,0.2318467022178317,0.0015048489541047,0.231832112742999,0.2303439200668009,0.2333080332290485,0.0039147303797436,1.0926199287035184e-05,0.0039148458403704,sn2005eu-20051025.29-fast.flm,38.62,N,-13.237409427767597,-13.23792185393433,13.23792185393433
sn1997bp-19970414.30-fast.flm,3.8000000000029104,0.0083,-1328335.561552449,0.7102513714213569,[1 2 1 ... 1 1 1],2.934697888779694,2656593.1232619653,2625,0.647941315691042,0.0071346233666732,-0.647941315691042,0.0071346233666732,-0.64806419415428,-0.5024680605118472,0.0086504710742041,-0.5020085183860896,-0.5109875593453843,-0.4937756491195362,1.1917160515048493,0.0002621460096194,1.1917189408799194,1.1914649803803297,1.1919828645446977,0.0099999885400933,1.2389374943347093e-08,0.0099999929206791,-2.000000497698041,5.380650028687458e-07,-237016.97373263616,0.5493582550384938,[1 1 1 ... 1 1 1],3.6523453322891632,473986.6167590988,2626,-9.294706963876038,0.0100831048903557,9.294706963876038,0.0100831048903557,9.294711560122323,-1.5007393201956556,0.0034725261783248,-1.5007925777895874,-1.5043279333892867,-1.4969401738997234,0.0915004699874902,0.0004961316619749,0.0915008192026649,0.0910089367346422,0.0920244854965075,0.1250858121991085,0.0002833226146005,0.1250869551609109,sn1997bp-19970414.30-fast.flm,127.21,HV,-3.1520586843118683,-13.094706963878949,13.094706963878949
snf20080522-000-20080612.22-fast.flm,7.720000000001164,0.045,-2525.2778600314264,0.5616962409290523,[1 1 1 ... 1 1 1],2.9898400414433275,5000.674178897408,2665,-4.752336233690402,0.1207284500486626,4.752336233690402,0.1207284500486626,4.746087101247504,1.8039367397489188,0.0454524165225543,1.8039589249985448,1.7611052213561074,1.846971640573157,0.2562885075468086,0.0032749409231455,0.2564224041880955,0.2530363912450708,0.2595951052636143,0.000965386178689,5.511796961174862e-06,0.000965032476606,-3.0153059978582006,0.002478578478143,-2516.044966734427,0.4451006073672505,[1 1 1 ... 1 1 1],3.918305286732828,5000.660570367512,2666,-4.752353636512335,0.1146892924148398,4.752353636512335,0.1146892924148398,4.7553461949229145,1.803192559397489,0.0461868471163868,1.802546582670411,1.7560043745497316,1.8493373479003263,0.2563468305923678,0.00326456011334,0.2562623634718723,0.2530781874610224,0.2594816373544629,0.0009649200870043,4.7884256997949615e-06,0.0009649071453299,snf20080522-000-20080612.22-fast.flm,17.43,91T,-12.472336233691566,-12.4723536365135,12.4723536365135
sn1997bp-19970413.31-fast.flm,2.809999999997672,0.0083,-805139.1414420127,0.718545946427612,[1 1 1 ... 1 1 1],2.9292895775956467,1610198.64254075,2625,0.3822358461111785,0.0086007285932384,-0.3822358461111785,0.0086007285932384,-0.3822066902871412,-0.8033188131751939,0.0096122512013112,-0.803322954380592,-0.8117918018850965,-0.7944503144802688,1.0336607145098575,0.0003196736873823,1.033654964747743,1.0333374601128718,1.033983799807225,0.0099999842862357,1.5887256014291498e-08,0.0099999891001249,-2.0000006824411924,6.899769485014083e-07,-143521.4427240919,0.5381593437015784,[1 1 1 ... 1 1 1],3.708060189634645,286997.9432655004,2626,-9.498471145499677,0.010987043016823,9.498471145499677,0.010987043016823,9.498497643562786,-1.4928980432435168,0.0035141921080256,-1.4929129989928098,-1.4960376803437434,-1.4894809587371736,0.0879115462327238,0.000552284499903,0.0879190636622337,0.0873834924042444,0.0884870907990823,0.1024732226627655,0.0002522065988566,0.1024643743606074,sn1997bp-19970413.31-fast.flm,114.94,HV,-2.4277641538864936,-12.308471145497348,12.308471145497348
sn1998bp-19980518.36-fast.flm,14.959999999999129,0.0105,-3918.652935941701,0.6050284866051884,[1 1 1 ... 1 1 1],2.967797771447117,7780.113551015658,2544,26.07804625495687,0.1383798609380364,-26.07804625495687,0.1383798609380364,-26.08361949715595,-1.1436091256107004,0.0318333451836103,-1.1428729818524133,-1.1737081114414902,-1.1134877925808144,0.0619923253611361,0.0041620253236274,0.0621680821115415,0.0579491023347651,0.0661522369880971,0.0099933047444973,6.532524664080774e-06,0.0099954425213525,-2.0002909614980164,0.0002840634313282,-3812.7927396473538,0.4720750126299526,[1 1 1 ... 1 1 1],3.829238150625182,7590.146830550399,2545,27.24948565579956,0.0991188850190354,-27.24948565579956,0.0991188850190354,-27.246841514352045,-1.1353568807713057,0.0178271780501226,-1.1359378818095447,-1.1530707492329864,-1.1176853628025905,0.0414358376349797,0.0036040194872256,0.0412441724739762,0.0380114626747305,0.044999084667848,0.0110634953043666,8.422053146117565e-05,0.0110550056495321,sn1998bp-19980518.36-fast.flm,31.15,N,11.118046254957742,12.289485655800432,12.289485655800432
sn2003ic-20030929.35-fast.flm,5.549999999995634,0.0553,-6121.197171038032,0.5871256663028184,[1 1 1 ... 1 1 1],2.958171625700733,12187.332837889771,2544,-6.6937917870472,0.0675295707917291,6.6937917870472,0.0675295707917291,6.696879127037498,1.2852108502691275,0.0220308000894645,1.2839255834193803,1.2642641196845306,1.3072830240168056,0.5232310483070061,0.0018515869143368,0.5232951651849835,0.521355406494799,0.5250525978770813,0.0021253335357817,1.4195648921663033e-05,0.0021253235737715,-2.672582584701411,0.0028990419381511,-6112.389027464342,0.4880990253740798,[1 1 1 ... 1 1 1],3.780274742215066,12187.327126066784,2545,-6.693668523477832,0.0641055956667932,6.693668523477832,0.0641055956667932,6.695030517563119,1.285009124421829,0.0202242046094032,1.285113748936329,1.2636179037992676,1.3049638220679505,0.5232048815568174,0.0015980773421195,0.5232032981510595,0.5215632563413668,0.5248309498338166,0.0021255104395105,1.2737205895109573e-05,0.0021251781884305,sn2003ic-20030929.35-fast.flm,33.48,N,-12.243791787042834,-12.243668523473469,12.243668523473469
sn2007cg-20070514.24-fast.flm,5.739999999997963,0.0332,-2992.252115206983,0.5569668566321954,[1 1 1 ... 1 1 1],3.031648723003271,5935.294166100048,2537,-6.443738799743845,0.1250178844368794,6.443738799743845,0.1250178844368794,6.442806010781801,0.472503900399397,0.0306906142315276,0.4733804283941705,0.4423483749902566,0.502224681250727,0.7051616434671367,0.0037642489053414,0.705287475933781,0.7015948034100736,0.7086352857442213,0.0013507272975597,2.0913902748891843e-05,0.0013492306086441,-2.8694842790521604,0.0067147073084047,-2983.4554869703966,0.4474497262384018,[1 1 1 ... 1 1 1],3.826479638732366,5935.275126832515,2538,-6.448329159388702,0.1327562380732557,6.448329159388702,0.1327562380732557,6.452327599229363,0.4753604488217987,0.0340104113531908,0.4746982002260864,0.440738665516835,0.5088667941582568,0.7053212198524844,0.0040312695734414,0.7054943007625711,0.7012343469019228,0.7092883671876957,0.0013499390985587,2.1243261917784397e-05,0.0013486293529911,sn2007cg-20070514.24-fast.flm,20.82,HV,-12.183738799741809,-12.188329159386663,12.188329159386663
sn2003ic-20030927.38-fast.flm,3.5799999999944703,0.0553,-3342.023653297197,0.585724488459292,[1 1 1 ... 1 1 1],2.991087659306862,6629.85514038176,2544,-8.02430089213328,0.097288056207414,8.02430089213328,0.097288056207414,8.022632252638338,1.3374141953449072,0.025970512875358,1.338270903172294,1.311729630257406,1.3615535167142578,0.4973402746201629,0.0021800238943121,0.4972528583516615,0.4951682016034926,0.499520684517154,0.0019099598054828,2.1878646954516556e-05,0.0019091541929326,-2.719004236855816,0.0049711523947593,-3332.476930135357,0.4711525505523007,[1 1 1 ... 1 1 1],3.7628504041913473,6629.856136216006,2545,-8.025520138249913,0.093422238469614,8.025520138249913,0.093422238469614,8.027054862015767,1.334742638389996,0.0267379714212207,1.3340864205084797,1.308759279809503,1.3616343256351104,0.497258920678385,0.0022467864608079,0.4973305781631505,0.4948784953789908,0.499627627479358,0.0019102668808654,2.211760308884984e-05,0.0019104498707802,sn2003ic-20030927.38-fast.flm,36.73,N,-11.60430089212775,-11.605520138244383,11.605520138244383
sn1997bp-19970412.31-fast.flm,1.809999999997672,0.0083,-823949.074012,0.7059716317393526,[1 1 1 ... 1 1 1],2.9091564046802665,1647819.672728972,2625,0.3802072255096426,0.0088302359230586,-0.3802072255096426,0.0088302359230586,-0.3802543726043978,-0.6609236787040411,0.0100914897910684,-0.660778288210718,-0.6714565842860523,-0.651951636114946,1.0240793717406342,0.0003081897935699,1.0240853449144258,1.0237821690696904,1.0243703300003697,0.0099999846807058,1.5804574921272786e-08,0.0099999899992276,-2.0000006653095443,6.863862079651546e-07,-131146.51192901647,0.547775167402952,[1 1 1 ... 1 1 1],3.6418213218564106,262246.5988309667,2626,-9.728590335758506,0.0111387597523496,9.728590335758506,0.0111387597523496,9.72796531123167,-1.4587919265640432,0.0034281432538323,-1.4587718272933792,-1.4621243345098982,-1.4555681727120744,0.0637853027736724,0.0005283801869373,0.0638019524134541,0.063217928052075,0.0643080756090783,0.1098503750782111,0.0002580850494919,0.1098576670898814,sn1997bp-19970412.31-fast.flm,124.88,HV,-1.4297927744880292,-11.538590335756178,11.538590335756178
sn2002bf-20020306.22-fast.flm,1.819999999999709,0.0244,-24069.20682840835,0.6613462123480112,[1 3 1 ... 1 1 1],2.9390758911936405,48071.06961635388,2544,-7.155501098022521,0.0082291758924098,7.155501098022521,0.0082291758924098,7.156203131356435,-0.9287619104547414,0.0100641981704237,-0.9290110341038584,-0.938228767342971,-0.9186766324163118,0.2053790935656234,0.0009088291837675,0.2054525867014174,0.2044522813805347,0.2062461885613336,0.0099992909646449,7.304425559642653e-07,0.0099995073381024,-2.0000307952647995,3.172738806220446e-05,-20154.042736730986,0.5017781420692474,[1 1 1 ... 1 1 1],3.7547905111495607,40268.350725341326,2545,-9.464380963956208,0.0282791693483331,9.464380963956208,0.0282791693483331,9.464879262443922,-1.0531141263652035,0.007988210594811,-1.05360856102609,-1.060936906448411,-1.0447242348488217,0.1619704534731933,0.001042547053709,0.1619036034191729,0.1609405340000758,0.1630119475653897,0.0165433822138036,0.0001014091027893,0.0165427986557007,sn2002bf-20020306.22-fast.flm,79.54,HV,-8.97550109802223,-11.284380963955916,11.284380963955916
sn2007cg-20070515.22-fast.flm,6.720000000001164,0.0332,-3782.1000729248935,0.5824902720951497,[1 1 1 ... 1 1 1],2.885456415382693,7510.883711069622,2660,-4.212817664475669,0.1140879829594906,4.212817664475669,0.1140879829594906,4.209433805735767,-0.1855682971802592,0.0368171508449589,-0.1872057332952517,-0.2200998569679511,-0.1480092317428667,0.721864964444146,0.0037423861376552,0.7217862104332702,0.7182289007161384,0.7255341661969594,0.0006743595694655,5.251647652317209e-06,0.0006740716324646,-3.171121643762345,0.0033819854279749,-3771.2150280415094,0.4450811001351659,[1 1 1 ... 1 1 1],3.8556110931957432,7510.873623439931,2661,-4.206974579940488,0.1163127497983782,4.206974579940488,0.1163127497983782,4.212461162386077,-0.1858860848605631,0.0401379804692491,-0.1854020744722042,-0.228224126165168,-0.142286381006917,0.7221187544326486,0.0036308476116856,0.7221792256438344,0.7187580487496144,0.7257087310827144,0.0006740238952557,5.221243819575614e-06,0.0006736355924098,sn2007cg-20070515.22-fast.flm,15.88,HV,-10.932817664476833,-10.926974579941652,10.926974579941652
sn2006ot-20061127.30-fast.flm,2.6000000000058208,0.0529,-2700.992430004801,0.5670850251365828,[1 1 1 ... 1 1 1],2.9735434555402995,5350.654909805897,2657,-8.219459234925328,0.1527461232954796,8.219459234925328,0.1527461232954796,8.222274575190212,0.2357650185395576,0.0370292681650998,0.2359307776529586,0.1979230540628336,0.2730130538369202,0.3171559167706323,0.0032532273413293,0.317178489181491,0.3137701187884942,0.3202496365062734,0.0014222251579601,3.117082219368923e-05,0.0014226356054475,-2.847135787731363,0.009507820734938,-2690.9526203637856,0.4430054046064113,[1 1 1 ... 1 1 1],3.836337856998177,5350.654686088983,2658,-8.213920125000259,0.1553592421309143,8.213920125000259,0.1553592421309143,8.209230231533773,0.2346872051475326,0.034707044379964,0.2335408519815311,0.2008927127762261,0.2718568005244299,0.3173812703601246,0.0031634500488099,0.3173535380269062,0.3143227609972898,0.3203998449813126,0.0014207812913633,3.2334749622603634e-05,0.0014176666907053,sn2006ot-20061127.30-fast.flm,15.21,HV,-10.819459234931148,-10.81392012500608,10.81392012500608
sn1997bp-19970411.30-fast.flm,0.8000000000029104,0.0083,-751271.9445541387,0.7089962305274705,[1 1 1 ... 1 1 1],2.900375762636534,1502466.494893945,2625,0.2272404645164078,0.0090669030528067,-0.2272404645164078,0.0090669030528067,-0.227607489441425,-0.7109043572555048,0.0094440475841084,-0.7104351545442551,-0.7205836986473813,-0.7018209811171845,0.9952753472056362,0.0003046252272656,0.9952634830692392,0.9949687110313246,0.9955798220569948,0.0099999835607433,1.6313167171154252e-08,0.0099999892647133,-2.000000713949009,7.084740449352131e-07,-104255.96649778832,0.5388841936327772,[1 1 1 ... 1 1 1],3.689779410717592,208466.8521636094,2626,-9.976121447362988,0.0117130307292486,9.976121447362988,0.0117130307292486,9.97612652388296,-1.4165117478974916,0.0037565999965686,-1.4165287216994322,-1.4202516982729616,-1.4128445119626285,0.0567323151748606,0.0005714104700609,0.0567283548275234,0.0561695992205844,0.0573032623657201,0.1115521240043937,0.0002811333367574,0.1115398030198687,sn1997bp-19970411.30-fast.flm,127.27,HV,-0.5727595354865026,-10.7761214473659,10.7761214473659
sn1998co-19980716.41-fast.flm,22.91000000000349,0.0182,-8818.613305671062,0.6578240339148899,[1 1 1 ... 1 1 1],2.858417608566329,17570.644915420275,2544,31.507725380616133,0.0394104125788153,-31.507725380616133,0.0394104125788153,-31.50660039789082,5.998283169934278,0.0017308813192865,5.998790464979734,5.99686559761367,5.999703209926884,0.2988383501252487,0.001063356485837,0.2987677722294557,0.297790961825275,0.2999450851613145,0.0099989097849078,1.037607411375153e-06,0.0099991927738811,-2.000047352359663,4.50717924995919e-05,-6586.38497939789,0.4502268583251713,[1 1 1 ... 1 1 1],3.890026910872796,13140.712146540196,2545,33.6688021704414,0.0356013150160159,-33.6688021704414,0.0356013150160159,-33.66840326056636,3.5404637345542698,0.1365083949639898,3.5362949466639755,3.404081424072249,3.6806675463432015,0.1350010774588509,0.0034274603943061,0.134914134970991,0.1317317501030213,0.1383304135000526,0.0177020962864801,0.0002508326587871,0.017704288868445,sn1998co-19980716.41-fast.flm,24.83,N,8.597725380612644,10.758802170437914,10.758802170437914
sn2003ic-20030928.30-fast.flm,4.5,0.0553,-5343.076591523224,0.5905740822744562,[1 1 1 ... 1 1 1],2.97223913190519,10631.317994665493,2544,-6.233764387579996,0.0642812727444806,6.233764387579996,0.0642812727444806,6.238063087807646,1.1232293150514407,0.0203170679075246,1.1250287813328983,1.1037989584922876,1.143196257854699,0.4570257322799269,0.0016299143309276,0.4571389071538561,0.4552830782826267,0.458612618462876,0.0021525143600092,1.2206899024220362e-05,0.0021532087454806,-2.6670609292584655,0.0024637374888384,-5334.029667400981,0.4831996927509897,[1 1 1 ... 1 1 1],3.799126637554586,10631.297465156356,2545,-6.233002099988752,0.0649739864348513,6.233002099988752,0.0649739864348513,6.232761270793311,1.1234765202176875,0.0200240441750099,1.1227711512450511,1.103150837013743,1.1436188627001238,0.4570444977807892,0.0015846804847823,0.4570634264290478,0.4553401779841821,0.4586783267224927,0.0021519498643686,1.1673182850675742e-05,0.0021520315682793,sn2003ic-20030928.30-fast.flm,37.22,N,-10.733764387579996,-10.733002099988752,10.733002099988752
sn2002bf-20020309.25-fast.flm,4.849999999998545,0.0244,-12422.424844176148,0.606913738942865,[1 1 1 ... 1 1 1],2.981112248001991,24786.89051641623,2544,-5.870611647599184,0.0351543668160072,5.870611647599184,0.0351543668160072,5.870097173079827,1.1197995432441534,0.0142748526561783,1.120246653623488,1.104906776282343,1.1336911239417793,0.623211402143161,0.0013115385954841,0.6232751818681974,0.6218167493247893,0.6244977575734159,0.0050165893721563,1.8052248048317335e-05,0.0050166470722281,-2.2995942579714583,0.0015627407961145,-12412.65637595726,0.4967023045091401,[1 1 1 ... 1 1 1],3.77286012526096,24786.85940126607,2545,-5.866089339650332,0.0356882309620737,5.866089339650332,0.0356882309620737,5.8660772703334345,1.1202114358289423,0.0132808475179251,1.1203606331705878,1.1065229716734435,1.133295618378385,0.6234273162317854,0.001309623908567,0.6234458105154914,0.6221073112364102,0.6247510776394356,0.0050145119643947,1.815264562837517e-05,0.0050144816277554,sn2002bf-20020309.25-fast.flm,77.22,HV,-10.720611647597728,-10.716089339648878,10.716089339648878
sn2008bf-20080508.31-fast.flm,39.70999999999913,0.0246,-4763.712731591985,0.5732941744290807,[1 1 1 ... 1 1 1],2.987106672220924,9475.24499413962,2663,29.126471359276515,0.0866676123692551,-29.126471359276515,0.0866676123692551,-29.121503966275093,1.1724810037631668,0.062023747765159,1.1689170789161984,1.1148144301240903,1.2341957771499876,-0.0316687099976864,0.0030242767310958,-0.0317506212603306,-0.0344721104066392,-0.0287443566855314,0.0056950659671092,3.967968756200826e-05,0.0056953535337651,-2.2445117814840563,0.0030257332496352,-4754.96075869572,0.4678398575186946,[1 1 1 ... 1 1 1],3.821785470195984,9475.243892846023,2664,29.126070691606053,0.0879227744269228,-29.126070691606053,0.0879227744269228,-29.12271084536387,1.1744785994384788,0.0611430189784643,1.1722342179006766,1.1094668717100005,1.233788654030734,-0.0316765942346465,0.0031523655455104,-0.031792971466499,-0.0347275528830561,-0.0285632297809326,0.0056949799813627,3.796507296084144e-05,0.0056945917553166,sn2008bf-20080508.31-fast.flm,24.87,N,-10.583528640722612,-10.583929308393074,10.583929308393074
sn2002bf-20020310.24-fast.flm,5.8399999999965075,0.0244,-14940.385874285395,0.5911324722406587,[1 1 1 ... 1 1 1],2.8816106046220074,29825.007870056957,2544,-4.738515464718979,0.072090755352012,4.738515464718979,0.072090755352012,4.738957047838802,0.0177987139094579,0.0206002351718394,0.0183642624680779,-0.0029845970551356,0.0376224284651893,0.42679811454655,0.0016022043432359,0.4268376977179349,0.4252148358521972,0.4283592848932294,0.0065036931278918,3.228823411749614e-05,0.0065031855264065,-2.186845306967431,0.0021549211944508,-14930.56282535281,0.4808795258125142,[1 1 1 ... 1 1 1],3.74492510149797,29825.00752834369,2545,-4.739874964798993,0.0718061068563288,4.739874964798993,0.0718061068563288,4.737407967019905,0.0170310077547586,0.0205233336174085,0.016821234058721,-0.0040740399808321,0.0374247380782694,0.4267246009110682,0.0014998290371871,0.4266648121820479,0.425155245440197,0.42818115907632,0.0065044585953081,2.8927917065552467e-05,0.0065029609089111,sn2002bf-20020310.24-fast.flm,55.35,HV,-10.578515464715489,-10.5798749647955,10.5798749647955
snf20080522-000-20080611.21-fast.flm,6.709999999999127,0.045,-5376.164639054623,0.5934187522688319,[1 1 1 ... 1 1 1],2.961032016576432,10696.95223838922,2664,-3.746553008250647,0.0492076005002313,3.746553008250647,0.0492076005002313,3.745400288348577,1.4631455598315193,0.0214450804086315,1.4639281492747678,1.4413013589368138,1.484026144411792,0.1473685483529139,0.0015209384095968,0.1474137019038486,0.1458234912882954,0.1489144798295565,0.0018291881568853,3.3301159788467355e-06,0.0018291040998655,-2.7377423388121427,0.0007906306370812,-5366.624948014872,0.4813903340625926,[1 1 1 ... 1 1 1],3.725395065151095,10696.949338054568,2665,-3.744094622962576,0.048652492908663,3.744094622962576,0.048652492908663,3.744309826692451,1.4619655681689112,0.0210385037663361,1.4622813448686922,1.4426354727413675,1.4803771114479582,0.1473311187278692,0.0014842683168725,0.147333089428802,0.1459711504243651,0.1486957946606479,0.0018290562433421,2.8336688288956256e-06,0.0018289564759492,snf20080522-000-20080611.21-fast.flm,35.44,91T,-10.456553008249774,-10.454094622961705,10.454094622961705
sn1997bp-19970410.27-fast.flm,-0.2300000000032014,0.0083,-873240.4899549016,0.7003003616148142,[1 1 1 ... 1 1 1],2.932547261202912,1746404.9088020502,2623,0.1976755211941532,0.0099162663435291,-0.1976755211941532,0.0099162663435291,-0.1975489011975284,-0.5280309806644051,0.0096126821796263,-0.5281835922442752,-0.5375969230904651,-0.5191813533607723,1.039186117894612,0.0003150536455418,1.0391821099160947,1.038873795382607,1.0395105518670338,0.0099999852098287,1.4860849986100158e-08,0.0099999899661524,-2.0000006423299324,6.454005081342262e-07,-92678.12187287706,0.5320095427924926,[1 1 1 ... 1 1 1],3.652581080692885,185312.1155026448,2624,-10.29042052982702,0.0122673379702635,10.29042052982702,0.0122673379702635,10.290217329603507,-1.3599411961659362,0.0036517061583982,-1.3599324799041526,-1.3636087994034334,-1.3563638152046409,0.0375507248295844,0.0005307572590839,0.0375602903478113,0.0370405174638126,0.0380210701851129,0.1308279611151733,0.0003529880672851,0.1308007324183966,sn1997bp-19970410.27-fast.flm,109.0,HV,0.4276755211973546,-10.06042052982382,10.06042052982382
sn2007ux-20080101.38-fast.flm,5.9799999999959255,0.0309,-7274.449838219359,0.5913998540963622,[1 1 1 ... 1 1 1],2.950357849855337,14493.591533433631,2665,-3.714529500556968,0.0464808235597324,3.714529500556968,0.0464808235597324,3.712892379788663,-0.3574861946722108,0.0217132062149783,-0.3566537189909153,-0.3786121865333562,-0.3371209119648766,0.3437212386077655,0.0018119160586938,0.3437376987028908,0.3420331020846112,0.345418826212736,0.0014818398964553,4.0065668054832345e-06,0.0014818391997577,-2.8292003040782605,0.0011742442864297,-7265.27495368037,0.4838311489848751,[1 1 1 ... 1 1 1],3.776260050142647,14493.586986126942,2666,-3.7107905738912783,0.042705527570296,3.7107905738912783,0.042705527570296,3.709685892943998,-0.3595595328997483,0.0216088391118517,-0.3592488063368808,-0.3820262197624906,-0.3390960511889354,0.3436832824940454,0.0017091669883668,0.3437260867462621,0.3419808130575865,0.3453664256925211,0.0014817571331961,3.5429260752011985e-06,0.0014816686722486,sn2007ux-20080101.38-fast.flm,31.16,N,-9.694529500552893,-9.690790573887204,9.690790573887204
sn1997bp-19970409.29-fast.flm,-1.2099999999991269,0.0083,-402693.3500039688,0.6938930236535652,[1 1 1 ... 1 1 1],2.931556974633202,805312.4867236308,2594,-0.382874976577302,0.0102528510204915,0.382874976577302,0.0102528510204915,0.3835344866077825,-1.1050393949124817,0.0107824980571365,-1.104991546900039,-1.1156833152170211,-1.0943780720472116,0.8461895096881812,0.0003777251793031,0.8462004588645287,0.8458219291965818,0.8465508460916964,0.0099999758272979,2.3019738018609287e-08,0.0099999826104008,-2.000001049809533,9.99738837060574e-07,-48168.070913401214,0.5341435742226601,[1 1 1 ... 1 1 1],3.667086361815372,96291.64067371211,2595,-10.816975818066563,0.0148915115542084,10.816975818066563,0.0148915115542084,10.817013857532004,-1.2846661149264391,0.0041651866027696,-1.284678997926311,-1.2889087329887996,-1.2805750839689658,0.0993180505343706,0.0006782029302791,0.0993487521102045,0.0986134937990956,0.1000035358358564,0.0999324195807156,0.0003394961427664,0.0999542823591436,sn1997bp-19970409.29-fast.flm,100.97,HV,0.8271250234218248,-9.606975818067436,9.606975818067436
sn2001fh-20011115.09-fast.flm,4.289999999993597,0.0123,-18440.268100540536,0.6175886442187096,[1 1 1 ... 1 1 1],3.004815293299244,36820.8090827636,2544,-4.959101036673967,0.0231547864640411,4.959101036673967,0.0231547864640411,4.957965492245393,0.4150070803865663,0.0103073475844303,0.4149446405743662,0.4055860973104011,0.4248824228190493,0.9230256047641596,0.0011690762404205,0.9230686145100472,0.921841798664643,0.9241406566418164,0.0024912848640849,5.792127579555279e-06,0.0024911890662512,-2.6035777841664953,0.0010096160185096,-18430.99001795252,0.5127724627928071,[1 1 1 ... 1 1 1],3.750215304636487,36820.82233765586,2545,-4.958131605574863,0.0247348413625647,4.958131605574863,0.0247348413625647,4.9586244908406485,0.4154902303165701,0.0105582008581743,0.4154391217672302,0.404764699010121,0.4263988697134504,0.9231719982916906,0.0011463663403721,0.9231725548176272,0.9220036370799108,0.9243970769124612,0.0024906493547769,5.856212083905171e-06,0.0024908054520325,sn2001fh-20011115.09-fast.flm,81.37,N,-9.249101036667565,-9.24813160556846,9.24813160556846
sn1998bp-19980516.44-fast.flm,13.040000000000871,0.0105,-37556.16260063369,0.6441208511610397,[1 1 1 ... 1 1 1],2.922653332489398,75047.06614079565,2544,17.919160936378596,0.0261911955801354,-17.919160936378596,0.0261911955801354,-17.92007445238997,-0.9755120141825776,0.0103017187446706,-0.9756417744609368,-0.9862887634615172,-0.964972008681741,0.5823044304239411,0.0007387484605714,0.5823258289763387,0.5815692416627782,0.5830903212303107,0.009999769249706,2.228900410709792e-07,0.0099998420439852,-2.000010021581446,9.680398783290536e-06,-10367.600652694577,0.4890582174339077,[1 1 2 ... 1 1 1],3.782226110224875,20697.82150581465,2545,22.177762883617408,0.0515936116385043,-22.177762883617408,0.0515936116385043,-22.178048077571457,-1.684694578069103,0.0122960308831974,-1.6841662202592875,-1.6967349120528468,-1.6732129049690894,-0.0400753670868422,0.0024292195739313,-0.0400724044513411,-0.0425201851758444,-0.0375758311853453,0.0273273762759776,0.0001175744833288,0.0273284055794705,sn1998bp-19980516.44-fast.flm,43.31,N,4.879160936377724,9.137762883616537,9.137762883616537
sn2003kc-20031229.44-fast.flm,25.040000000000873,0.0334,-13974.80244289816,0.5969924287283852,[1 1 1 ... 1 1 1],3.0249898845879657,27893.975360767705,2544,34.148980084519906,0.0261622689294292,-34.148980084519906,0.0261622689294292,-34.14971878773444,5.861851115482772,0.1017380569604242,5.88262988717376,5.766398116899845,5.964340944161481,-0.1537755927203835,0.0019352855643627,-0.1538212481424266,-0.1557372134753365,-0.1519448707983866,0.0050143226577629,4.74922086351804e-05,0.0050062845009604,-2.299807102851844,0.004097488175503,-13964.19961228529,0.4708673379811962,[1 1 1 ... 1 1 1],3.7304603470529183,27893.90685546656,2545,34.151191345943474,0.0241383670905943,-34.151191345943474,0.0241383670905943,-34.15201709421013,5.866236099264572,0.1030517172379469,5.891042539058091,5.760061126652153,5.967146217993571,-0.153738829512423,0.0019886928435735,-0.1537300337429932,-0.1557471865918627,-0.1519903364893777,0.0050119850007308,4.5034254764850386e-05,0.005001199015981,sn2003kc-20031229.44-fast.flm,28.6,HV,9.108980084519033,9.1111913459426,9.1111913459426
sn1998co-19980718.47-fast.flm,24.970000000001164,0.0182,-8023.382554065644,0.6586252980941145,[1 1 1 ... 1 1 1],2.848705034393526,15979.44971704756,2544,33.20554498535984,0.0341915675076324,-33.20554498535984,0.0341915675076324,-33.207390808051585,5.99848002075472,0.0014309193840556,5.998892421426705,5.99727879264487,5.999681009262455,0.2543181488830232,0.0017355485957068,0.2543321431477727,0.2525017304572192,0.2559928004983556,0.0099987658080827,1.2763191858218545e-06,0.0099991515293355,-2.000053607120687,5.544439415442458e-05,-6918.324956368154,0.4649862931724621,[2 1 1 ... 1 1 1],3.7440943483357607,13803.02393471227,2545,34.022256764009235,0.0291688528133948,-34.022256764009235,0.0291688528133948,-34.023123399343895,5.946173842963206,0.0494717317304456,5.961304182193692,5.907348862345247,5.988293119942789,0.1110376101396025,0.0032618547434446,0.1111053543641806,0.1078555094340567,0.1142830231462819,0.0128500884472376,7.691035673966112e-05,0.0128418988871728,sn1998co-19980718.47-fast.flm,26.91,N,8.235544985358679,9.052256764008073,9.052256764008073
sn1995al-19951203.40-mmt.flm,25.30000000000291,0.0051,-23238.293851591035,0.6304123448569146,[1 1 1 ... 1 1 1],2.982469390666566,46414.14211745713,3813,0.1646223280207068,0.0481411270153337,-0.1646223280207068,0.0481411270153337,-0.1654847537403476,1.8811629243611172,0.0433026961716185,1.8836989802664248,1.8341669155228624,1.925093573107354,1.054852864318262,0.0015829467929595,1.0548649072020928,1.0534062978982297,1.0563833790044723,0.0099995132516676,5.099281768391058e-07,0.009999678397878,-2.000021140290708,2.214810745325886e-05,-6973.611260437324,0.4665664656486577,[1 1 1 ... 1 1 1],3.7737937140327578,13913.011928198584,3814,16.32408732818838,0.0437879344901421,-16.32408732818838,0.0437879344901421,-16.323099870380727,-1.858831395547957,0.0303476381291081,-1.8604806007201635,-1.887818253928092,-1.8273129199196931,0.214105466601291,0.0064628959006149,0.2139505711698812,0.2073418775987225,0.220323239519312,0.0682103321740216,0.0006334117108813,0.0682080634392021,sn1995al-19951203.40-mmt.flm,147.93,HV,-25.135377671982205,-8.97591267181453,8.97591267181453
sn1997bp-19970407.42-mmt.flm,-3.0800000000017462,0.0083,-36118.3991519339,0.6122707797897193,[1 1 3 ... 1 1 1],2.965550789368947,72178.38248221984,2300,0.7866514665545923,0.0490137362159077,-0.7866514665545923,0.0490137362159077,-0.7888473367166213,0.4524302769651623,0.0604319813005018,0.4563929815092606,0.3924805029036893,0.5099296178758674,0.7381177405291122,0.0019712530677641,0.7381518031051404,0.7361562475107934,0.7401537368298468,0.0099994073121578,6.029415851100579e-07,0.0099995761035864,-2.0000257416583267,2.6188497590527515e-05,-4809.949861390541,0.4888232436855878,[1 1 1 ... 1 1 1],3.72983870967742,9582.214092164171,2301,-11.685458168527662,0.0707297843363282,11.685458168527662,0.0707297843363282,11.685591733594556,-0.8860760852559932,0.0150725182531794,-0.8859262596005202,-0.9001640997005742,-0.871591481845785,-0.3020216957415269,0.0027909348542699,-0.301967269999825,-0.304804000805658,-0.2992939160447954,0.1898835629343813,0.002762283391494,0.1896928675170037,sn1997bp-19970407.42-mmt.flm,122.12,HV,3.8666514665563385,-8.605458168525915,8.605458168525915
